"STATION","NAME","LATITUDE","LONGITUDE","ELEVATION","DATE","AWND","AWND_ATTRIBUTES","DT32","DT32_ATTRIBUTES","DX90","DX90_ATTRIBUTES","DYFG","DYFG_ATTRIBUTES","DYTS","DYTS_ATTRIBUTES","EVAP","EVAP_ATTRIBUTES","PRCP","PRCP_ATTRIBUTES","TAVG","TAVG_ATTRIBUTES","TMAX","TMAX_ATTRIBUTES","TMIN","TMIN_ATTRIBUTES","TSUN","TSUN_ATTRIBUTES","WDF1","WDF1_ATTRIBUTES","WSF1","WSF1_ATTRIBUTES","WSFG","WSFG_ATTRIBUTES"
"USW00013880","CHARLESTON INTL. AIRPORT, SC US","32.89943","-80.04075","12.2","1938",,,"        24","0","        55","0",,,,,,,"37.79"," ,0","66.0","0","76.5","0","55.5","0",,,,,,,,
"USW00013880","CHARLESTON INTL. AIRPORT, SC US","32.89943","-80.04075","12.2","1939",,,"        37","0","        64","0",,,,,,,"46.59"," ,0","65.5","0","77.0","0","54.0","0",,,,,,,,
"USW00013880","CHARLESTON INTL. AIRPORT, SC US","32.89943","-80.04075","12.2","1940",,,"        53","0","        43","0",,,,,,,"50.75"," ,0","62.6","0","74.0","0","51.2","0",,,,,,,,
"USW00013880","CHARLESTON INTL. AIRPORT, SC US","32.89943","-80.04075","12.2","1941",,,"        52","0","        65","0",,,,,,,"61.74"," ,0","64.7","0","75.9","0","53.4","0",,,,,,,,
"USW00013880","CHARLESTON INTL. AIRPORT, SC US","32.89943","-80.04075","12.2","1942",,,"        50","0","        75","0",,,,,,,"37.00"," ,0","65.1","0","76.9","0","53.4","0",,,,,,,,
"USW00013880","CHARLESTON INTL. AIRPORT, SC US","32.89943","-80.04075","12.2","1943",,,"        48","0","        55","0",,,,,,,"48.83"," ,0","64.3","0","75.4","0","53.2","0",,,,,,,,
"USW00013880","CHARLESTON INTL. AIRPORT, SC US","32.89943","-80.04075","12.2","1944",,,"        34","0","        61","0",,,,,,,"47.62"," ,0","64.7","0","75.6","0","53.8","0",,,,,,,,
"USW00013880","CHARLESTON INTL. AIRPORT, SC US","32.89943","-80.04075","12.2","1945",,,"        30","0","        51","0","        88"," ","        35"," ",,,"62.46"," ,0","65.8","0","76.1","0","55.5","0",,,,,,,,
"USW00013880","CHARLESTON INTL. AIRPORT, SC US","32.89943","-80.04075","12.2","1946",,,"        23","0","        47","0","       207"," ","        65"," ",,,"50.00"," ,0","66.3","0","77.2","0","55.3","0",,,,,,,,
"USW00013880","CHARLESTON INTL. AIRPORT, SC US","32.89943","-80.04075","12.2","1947",,,"        38","0","        48","0","       233"," ","        78"," ",,,"60.62"," ,0","64.4","0","74.8","0","54.0","0",,,,,,,,
"USW00013880","CHARLESTON INTL. AIRPORT, SC US","32.89943","-80.04075","12.2","1948",,,"        29","0","        55","0","       229"," ","        79"," ",,,"63.95"," ,0","65.2","0","75.7","0","54.7","0",,,,,,,,
"USW00013880","CHARLESTON INTL. AIRPORT, SC US","32.89943","-80.04075","12.2","1949",,,"        18","0","        46","0","       148"," ","        70"," ",,,"48.92"," ,0","66.6","0","77.0","0","56.2","0",,,,,,,,
"USW00013880","CHARLESTON INTL. AIRPORT, SC US","32.89943","-80.04075","12.2","1950",,,"        30","0","        36","0","       119"," ","        72"," ",,,"48.72"," ,0","65.3","0","75.9","0","54.7","0",,,,,,,,
"USW00013880","CHARLESTON INTL. AIRPORT, SC US","32.89943","-80.04075","12.2","1951",,,"        35","0","        57","0","       155"," ","        63"," ",,,"34.07"," ,0","64.9","0","75.7","0","54.1","0",,,,,,,,
"USW00013880","CHARLESTON INTL. AIRPORT, SC US","32.89943","-80.04075","12.2","1952",,,"        22","0","        63","0","       131"," ","        77"," ",,,"47.35"," ,0","65.4","0","76.2","0","54.6","0",,,,,,,,
"USW00013880","CHARLESTON INTL. AIRPORT, SC US","32.89943","-80.04075","12.2","1953",,,"        23","0","        47","0","       144"," ","        54"," ",,,"47.58"," ,0","65.7","0","76.2","0","55.2","0",,,,,,,,
"USW00013880","CHARLESTON INTL. AIRPORT, SC US","32.89943","-80.04075","12.2","1954",,,"        40","0","        75","0","       135"," ","        40"," ",,,"30.33"," ,0","65.5","0","77.0","0","54.0","0",,,,,,,,
"USW00013880","CHARLESTON INTL. AIRPORT, SC US","32.89943","-80.04075","12.2","1955",,,"        35","0","        32","0","       142"," ","        59"," ",,,"36.13"," ,0","64.7","0","75.3","0","54.1","0",,,,,,,,
"USW00013880","CHARLESTON INTL. AIRPORT, SC US","32.89943","-80.04075","12.2","1956",,,"        33","0","        40","0","       138"," ","        63"," ",,,"49.75"," ,0","64.9","0","75.6","0","54.3","0",,,,,,,,
"USW00013880","CHARLESTON INTL. AIRPORT, SC US","32.89943","-80.04075","12.2","1957",,,"        23","0","        33","0","       173"," ","        51"," ",,,"60.86"," ,0","64.9","0","75.1","0","54.7","0",,,,,,,,
"USW00013880","CHARLESTON INTL. AIRPORT, SC US","32.89943","-80.04075","12.2","1958",,,"        49","0","        43","0","       163"," ","        49"," ",,,"72.18"," ,0","63.0","0","72.9","0","53.1","0",,,,,,,,
"USW00013880","CHARLESTON INTL. AIRPORT, SC US","32.89943","-80.04075","12.2","1959",,,"        27","0","        20","0","       164"," ","        48"," ",,,"67.16"," ,0","64.4","0","74.1","0","54.7","0",,,,,,,,
"USW00013880","CHARLESTON INTL. AIRPORT, SC US","32.89943","-80.04075","12.2","1960",,,"        56","0","        50","0","       153"," ","        55"," ",,,"52.44"," ,0","63.7","0","74.5","0","52.9","0",,,,,,,"51.7","X"
"USW00013880","CHARLESTON INTL. AIRPORT, SC US","32.89943","-80.04075","12.2","1961",,,"        44","0","        47","0","       167"," ","        59"," ","59.4","0","50.05"," ,0","64.5","0","75.3","0","53.7","0",,,,,,,"50.6","X"
"USW00013880","CHARLESTON INTL. AIRPORT, SC US","32.89943","-80.04075","12.2","1962",,,"        39","0","        43","0","       165"," ","        64"," ",,,"61.17"," ,0","64.1","0","74.8","0","53.5","0",,,,,,,"55.3","X"
"USW00013880","CHARLESTON INTL. AIRPORT, SC US","32.89943","-80.04075","12.2","1963",,,"        48","0","        63","0","       157"," ","        55"," ","122.9","0","54.99"," ,0","64.2","0","75.3","0","53.1","0",,,,,,,"59.7","X"
"USW00013880","CHARLESTON INTL. AIRPORT, SC US","32.89943","-80.04075","12.2","1964",,,"        30","0","        46","0","       178"," ","        51"," ","55.6","0","73.02"," ,0","65.1","0","75.5","0","54.7","0",,,,,,,"54.1","X"
"USW00013880","CHARLESTON INTL. AIRPORT, SC US","32.89943","-80.04075","12.2","1965",,,"        38","0","        39","0","       155"," ","        68"," ","59.7","0","53.88"," ,0","64.7","0","75.3","0","54.2","0","   146916","X",,,,,"54.1","X"
"USW00013880","CHARLESTON INTL. AIRPORT, SC US","32.89943","-80.04075","12.2","1966",,,"        46","0","        37","0","       158"," ","        46"," ","59.2","0","53.62"," ,0","63.6","0","74.1","0","53.0","0","   158448","X",,,,,"58.6","X"
"USW00013880","CHARLESTON INTL. AIRPORT, SC US","32.89943","-80.04075","12.2","1967",,,"        40","0","        56","0","       156"," ","        39"," ",,,"43.68"," ,0","64.3","0","75.8","0","52.8","0","   163770","X",,,,,"59.7","X"
"USW00013880","CHARLESTON INTL. AIRPORT, SC US","32.89943","-80.04075","12.2","1968",,,"        68","0","        55","0","       144"," ","        51"," ",,,"45.87"," ,0","63.4","0","74.6","0","52.3","0","   159432","X",,,,,"68.9","X"
"USW00013880","CHARLESTON INTL. AIRPORT, SC US","32.89943","-80.04075","12.2","1969",,,"        56","0","        43","0","       158"," ","        51"," ","59.9","0","52.13"," ,0","63.0","0","73.0","0","52.9","0","   160362","X",,,,,"51.7","X"
"USW00013880","CHARLESTON INTL. AIRPORT, SC US","32.89943","-80.04075","12.2","1970",,,"        44","0","        69","0","       190"," ","        54"," ",,,"45.96"," ,0","64.8","0","75.6","0","54.0","0","   174456","X",,,,,"43.6","X"
"USW00013880","CHARLESTON INTL. AIRPORT, SC US","32.89943","-80.04075","12.2","1971",,,"        28","0","        46","0","       195"," ","        69"," ",,,"60.56"," ,0","65.8","0","76.1","0","55.4","0","   178452","X",,,,,"71.4","X"
"USW00013880","CHARLESTON INTL. AIRPORT, SC US","32.89943","-80.04075","12.2","1972",,,"        20","0","        50","0","       177"," ","        41"," ","64.2","0","42.89"," ,0","65.4","0","76.1","0","54.8","0",,,,,,,"56.4","X"
"USW00013880","CHARLESTON INTL. AIRPORT, SC US","32.89943","-80.04075","12.2","1973",,,"        36","0","        60","0","       154"," ","        58"," ",,,"72.19"," ,0","66.0","0","76.2","0","55.8","0","   174750","X",,,,,"58.6","X"
"USW00013880","CHARLESTON INTL. AIRPORT, SC US","32.89943","-80.04075","12.2","1974",,,"        21","0","        26","0","       138"," ","        66"," ",,,"54.65"," ,0","65.7","0","76.2","0","55.3","0","   188622","X",,,,,"51.7","X"
"USW00013880","CHARLESTON INTL. AIRPORT, SC US","32.89943","-80.04075","12.2","1975",,,"        24","X","        48","X","       148"," ","        61"," ",,,"56.24"," ,X","66.4","X","76.5","X","56.3","X","   180120","X",,,,,"55.3","X"
"USW00013880","CHARLESTON INTL. AIRPORT, SC US","32.89943","-80.04075","12.2","1976",,,"        40","0","        26","0","       136"," ","        41"," ",,,"48.52"," ,0","63.8","0","74.6","0","53.1","0","   192186","X","       290","X","36.9","X","52.8","X"
"USW00013880","CHARLESTON INTL. AIRPORT, SC US","32.89943","-80.04075","12.2","1977",,,"        53","0","        78","0","       127"," ","        57"," ",,,"41.24"," ,0","65.4","0","76.0","0","54.7","0","   204462","X","       280","X","32.0","X","56.4","X"
"USW00013880","CHARLESTON INTL. AIRPORT, SC US","32.89943","-80.04075","12.2","1978",,,"        51","0","        52","0","       162"," ","        56"," ",,,"40.91"," ,0","65.0","0","75.4","0","54.5","0","   192246","X","       200","X","40.0","X","66.7","X"
"USW00013880","CHARLESTON INTL. AIRPORT, SC US","32.89943","-80.04075","12.2","1979",,,"        42","0","        53","0","       161"," ","        49"," ",,,"57.99"," ,0","64.7","0","75.2","0","54.1","0","   193056","X","       110","X","38.0","X","56.4","X"
"USW00013880","CHARLESTON INTL. AIRPORT, SC US","32.89943","-80.04075","12.2","1980",,,"        41","0","        80","0","       156"," ","        40"," ",,,"40.93"," ,0","64.6","0","74.9","0","54.3","0","   178158","X","       270","X","34.9","X","62.2","X"
"USW00013880","CHARLESTON INTL. AIRPORT, SC US","32.89943","-80.04075","12.2","1981",,,"        50","0","        73","0","       134"," ","        52"," ",,,"49.46"," ,0","64.3","0","75.4","0","53.3","0","   191250","X","        30","X","40.0","X","56.4","X"
"USW00013880","CHARLESTON INTL. AIRPORT, SC US","32.89943","-80.04075","12.2","1982",,,"        26","0","        38","0","       183"," ","        57"," ",,,"47.04"," ,0","65.6","0","75.1","0","56.1","0",,,"        30","X","34.9","X",,
"USW00013880","CHARLESTON INTL. AIRPORT, SC US","32.89943","-80.04075","12.2","1983",,,"        20","0","        53","0","       165"," ","        49"," ",,,"54.11"," ,0","64.7","0","73.9","0","55.5","0","   147396","X","        90","X","36.0","X","60.8","X"
"USW00013880","CHARLESTON INTL. AIRPORT, SC US","32.89943","-80.04075","12.2","1984","7.8","X","        23","0","        43","0","       167"," ","        54"," ",,,"46.25"," ,0","65.6","0","75.3","0","55.9","0","   170853","X","       310","X","36.9","X","49.4","X"
"USW00013880","CHARLESTON INTL. AIRPORT, SC US","32.89943","-80.04075","12.2","1985","8.7","X","        35","0","        57","0","       161"," ","        55"," ",,,"50.38"," ,0","66.5","0","76.2","0","56.8","0","   176259","X","       150","X","36.9","X","48.3","X"
"USW00013880","CHARLESTON INTL. AIRPORT, SC US","32.89943","-80.04075","12.2","1986","8.5","X","        20","0","        83","0","       146"," ","        61"," ",,,"48.45"," ,0","67.5","0","77.3","0","57.7","0","   158131","X","       330","X","36.9","X","64.4","X"
"USW00013880","CHARLESTON INTL. AIRPORT, SC US","32.89943","-80.04075","12.2","1987","8.5","X","        23","0","        72","0","       130"," ","        59"," ",,,"56.71"," ,0","65.6","0","75.5","0","55.7","0","   136646","X","       320","X","31.1","X","52.8","X"
"USW00013880","CHARLESTON INTL. AIRPORT, SC US","32.89943","-80.04075","12.2","1988","8.1","X","        37","0","        66","0","       164"," ","        46"," ",,,"42.58"," ,0","64.7","0","75.1","0","54.4","0","   147086","X","        80","X","34.9","X","48.3","X"
"USW00013880","CHARLESTON INTL. AIRPORT, SC US","32.89943","-80.04075","12.2","1989","8.3","X","        22","0","        73","0","       171"," ","        71"," ",,,"56.08"," ,0","66.7","0","76.5","0","56.9","0","   124260","X","       210","X","51.9","X","97.8","X"
"USW00013880","CHARLESTON INTL. AIRPORT, SC US","32.89943","-80.04075","12.2","1990","8.1","X","         5","0","        97","0","       162"," ","        55"," ","79.0","0","45.15"," ,0","69.2","0","79.4","0","59.1","0","   138163","X","       300","X","34.9","X","55.3","X"
"USW00013880","CHARLESTON INTL. AIRPORT, SC US","32.89943","-80.04075","12.2","1991","8.7","X","        12","0","        71","0","       160"," ","        78"," ",,,"49.74"," ,0","67.5","0","76.7","0","58.3","0","   175876","X","       320","X","40.0","X","68.9","X"
"USW00013880","CHARLESTON INTL. AIRPORT, SC US","32.89943","-80.04075","12.2","1992","8.3","X","         7","0","        47","0","       151"," ","        65"," ",,,"53.89"," ,0","65.9","0","75.2","0","56.6","0","   161834","X","       270","X","30.0","X","58.6","X"
"USW00013880","CHARLESTON INTL. AIRPORT, SC US","32.89943","-80.04075","12.2","1993","8.1","X","        15","0","        72","0","       142"," ","        61"," ",,,"52.70"," ,0","66.1","0","75.7","0","56.6","0","   171490","X","       210","X","46.1","X","68.9","X"
"USW00013880","CHARLESTON INTL. AIRPORT, SC US","32.89943","-80.04075","12.2","1994","7.8","X","        19","0","        45","0","       132"," ","        75"," ",,,"70.55"," ,0","66.8","0","76.4","0","57.1","0","   170105","X","       210","X","34.9","X","52.8","X"
"USW00013880","CHARLESTON INTL. AIRPORT, SC US","32.89943","-80.04075","12.2","1995","8.5","X","        29","0","        65","0","       162"," ","        55"," ",,,"49.52"," ,0","66.3","0","76.0","0","56.6","0",,,,,,,,
"USW00013880","CHARLESTON INTL. AIRPORT, SC US","32.89943","-80.04075","12.2","1996","8.3","X","        38","0","        42","0","       233"," ","        63"," ",,,"45.76"," ,0","64.9","0","75.2","0","54.6","0",,,,,,,,
"USW00013880","CHARLESTON INTL. AIRPORT, SC US","32.89943","-80.04075","12.2","1997","7.8","X","        17","0","        35","0","       250"," ","        56"," ",,,"62.60"," ,0","65.2","0","75.1","0","55.4","0","   181745","X",,,,,,
"USW00013880","CHARLESTON INTL. AIRPORT, SC US","32.89943","-80.04075","12.2","1998","7.8","X","        13","0","        75","0","       294"," ","        67"," ",,,"67.74"," ,0","67.9","0","77.7","0","58.0","0",,,,,,,,
"USW00013880","CHARLESTON INTL. AIRPORT, SC US","32.89943","-80.04075","12.2","1999","8.1","X","        25","0","        60","0","       267"," ","        50"," ",,,"46.43"," ,0","66.1","0","76.7","0","55.5","0",,,,,,,,
"USW00013880","CHARLESTON INTL. AIRPORT, SC US","32.89943","-80.04075","12.2","2000","7.8","X","        34","0","        57","0","       210"," ","        57"," ",,,"45.97"," ,0","64.9","0","75.6","0","54.2","0",,,,,,,,
"USW00013880","CHARLESTON INTL. AIRPORT, SC US","32.89943","-80.04075","12.2","2001","7.6","X","        25","0","        41","0","       179"," ","        60"," ",,,"40.01"," ,0","66.1","0","76.7","0","55.5","0",,,,,,,,
"USW00013880","CHARLESTON INTL. AIRPORT, SC US","32.89943","-80.04075","12.2","2002","7.6","X","        29","0","        57","0","       193"," ","        50"," ",,,"61.02"," ,0","66.6","0","76.7","0","56.5","0",,,,,,,,
"USW00013880","CHARLESTON INTL. AIRPORT, SC US","32.89943","-80.04075","12.2","2003","7.6","X","        30","0","        46","0","       194"," ","        64"," ",,,"51.04"," ,0","65.6","0","75.5","0","55.7","0",,,,,,,,
"USW00013880","CHARLESTON INTL. AIRPORT, SC US","32.89943","-80.04075","12.2","2004","8.3","X","        30","0","        51","0","       236"," ","        53"," ",,,"39.26"," ,0","66.0","0","76.0","0","56.0","0",,,,,,,,
"USW00013880","CHARLESTON INTL. AIRPORT, SC US","32.89943","-80.04075","12.2","2005","7.8","X","        24","0","        56","0","       245"," ","        57"," ",,,"46.19"," ,0","66.0","0","76.0","0","55.9","0",,,,,,,,
"USW00013880","CHARLESTON INTL. AIRPORT, SC US","32.89943","-80.04075","12.2","2006","7.4","W","        19","0","        69","0","       212"," ","        55"," ",,,"49.31"," ,0","66.6","0","77.3","0","55.9","0",,,,,,,,
"USW00013880","CHARLESTON INTL. AIRPORT, SC US","32.89943","-80.04075","12.2","2007","7.6","W","        19","0","        70","0","       205"," ","        48"," ",,,"42.07"," ,0","67.1","0","77.6","0","56.5","0",,,,,,,,
"USW00013880","CHARLESTON INTL. AIRPORT, SC US","32.89943","-80.04075","12.2","2008","8.3","W","        24","0","        59","0","       227"," ","        48"," ",,,"47.35"," ,0","66.2","0","76.6","0","55.7","0",,,,,,,,
"USW00013880","CHARLESTON INTL. AIRPORT, SC US","32.89943","-80.04075","12.2","2009","7.6","W","        26","0","        65","0","       230"," ","        49"," ",,,"56.00"," ,0","65.9","0","75.7","0","56.1","0",,,,,,,,
"USW00013880","CHARLESTON INTL. AIRPORT, SC US","32.89943","-80.04075","12.2","2010","7.2","W","        51","0","        91","0","       218"," ","        55"," ",,,"57.59"," ,0","65.5","0","75.8","0","55.2","0",,,,,,,,
"USW00013880","CHARLESTON INTL. AIRPORT, SC US","32.89943","-80.04075","12.2","2011","7.6","W","        21","X","        90","X","       186"," ","        49"," ",,,"37.03"," ,X","67.3","X","78.1","X","56.5","X",,,,,,,,
"USW00013880","CHARLESTON INTL. AIRPORT, SC US","32.89943","-80.04075","12.2","2012","7.2","X","        16","X","        60","X","       128"," ","        57"," ",,,"43.99"," ,X","67.3","X","77.8","X","56.8","X",,,,,,,,
"USW00013880","CHARLESTON INTL. AIRPORT, SC US","32.89943","-80.04075","12.2","2013","7.4","W","        19","W","        48","W","        98"," ","        16"," ",,,"58.13"," ,W","66.6","W","76.5","W","56.7","W",,,,,,,,
"USW00013880","CHARLESTON INTL. AIRPORT, SC US","32.89943","-80.04075","12.2","2014","7.2","W","        24","W","        84","W","       127"," ","        23"," ",,,"53.02"," ,W","66.9","W","77.1","W","56.7","W",,,,,,,,
"USW00013880","CHARLESTON INTL. AIRPORT, SC US","32.89943","-80.04075","12.2","2015","7.4","W","        24","W","        71","W","       167"," ","        53"," ",,,"74.89"," ,W","67.8","W","77.4","W","58.2","W",,,,,,,,
"USW00013880","CHARLESTON INTL. AIRPORT, SC US","32.89943","-80.04075","12.2","2016","7.8","W","        20","W","        98","W","       142"," ","        58"," ",,,"59.67"," ,W","68.4","W","78.5","W","58.2","W",,,,,,,,
"USW00013880","CHARLESTON INTL. AIRPORT, SC US","32.89943","-80.04075","12.2","2017","7.8","W","        13","W","        62","W","       193"," ","        76"," ",,,"52.90"," ,W","68.2","W","78.3","W","58.1","W",,,,,,,,
"USW00013880","CHARLESTON INTL. AIRPORT, SC US","32.89943","-80.04075","12.2","2018","7.8","W","        20","W","        89","W","       197"," ","        78"," ",,,"57.71"," ,W","67.9","W","77.5","W","58.3","W",,,,,,,,
"USW00013880","CHARLESTON INTL. AIRPORT, SC US","32.89943","-80.04075","12.2","2019","7.6","W","        15","W","        82","W","       184"," ","        63"," ",,,"49.47"," ,W","68.0","W","78.1","W","58.0","W",,,,,,,,
"USW00013880","CHARLESTON INTL. AIRPORT, SC US","32.89943","-80.04075","12.2","2020",,,,,,,"       147"," ","        77"," ",,,,,,,,,,,,,,,,,,
"USW00013958","AUSTIN CAMP MABRY, TX US","30.3208","-97.7604","204.2","1939",,,"        15","0","       143","0",,,,,,,"23.61"," ,0","68.8","0","81.2","0","56.4","0",,,,,,,,
"USW00013958","AUSTIN CAMP MABRY, TX US","30.3208","-97.7604","204.2","1940",,,"        35","0","       102","0",,,,,,,"38.97"," ,0","65.9","0","77.4","0","54.3","0",,,,,,,,
"USW00013958","AUSTIN CAMP MABRY, TX US","30.3208","-97.7604","204.2","1941",,,"         7","0","        99","0",,,,,,,"45.41"," ,0","67.7","0","77.6","0","57.8","0",,,,,,,,
"USW00013958","AUSTIN CAMP MABRY, TX US","30.3208","-97.7604","204.2","1942",,,"        17","0","        94","0",,,"         4"," ",,,"32.22"," ,0","67.2","0","78.0","0","56.3","0",,,,,,,,
"USW00013958","AUSTIN CAMP MABRY, TX US","30.3208","-97.7604","204.2","1943",,,"        26","0","       100","0",,,"        37"," ",,,"24.76"," ,0","67.5","0","78.5","0","56.6","0",,,,,,,,
"USW00013958","AUSTIN CAMP MABRY, TX US","30.3208","-97.7604","204.2","1944",,,"        20","0","        91","0",,,"        51"," ",,,"42.98"," ,0","67.2","0","77.4","0","57.0","0",,,,,,,,
"USW00013958","AUSTIN CAMP MABRY, TX US","30.3208","-97.7604","204.2","1945",,,"        11","0","       104","0",,,"        60"," ",,,"40.88"," ,0","68.2","0","78.6","0","57.8","0",,,,,,,,
"USW00013958","AUSTIN CAMP MABRY, TX US","30.3208","-97.7604","204.2","1946",,,"        13","0","        86","0",,,"        54"," ",,,"47.31"," ,0","68.2","0","78.1","0","58.2","0",,,,,,,,
"USW00013958","AUSTIN CAMP MABRY, TX US","30.3208","-97.7604","204.2","1947",,,"        19","0","       122","0",,,"        21"," ",,,"21.58"," ,0","67.1","0","77.8","0","56.4","0",,,,,,,,
"USW00013958","AUSTIN CAMP MABRY, TX US","30.3208","-97.7604","204.2","1948",,,"        41","0","       132","0","        77"," ","        42"," ",,,"21.02"," ,0","68.0","0","79.6","0","56.5","0",,,,,,,,
"USW00013958","AUSTIN CAMP MABRY, TX US","30.3208","-97.7604","204.2","1949",,,"        18","0","       114","0","        82"," ","        55"," ",,,"36.35"," ,0","67.9","0","78.6","0","57.3","0",,,,,,,,
"USW00013958","AUSTIN CAMP MABRY, TX US","30.3208","-97.7604","204.2","1950",,,"        20","0","       107","0","        87"," ","        41"," ",,,"25.82"," ,0","68.8","0","79.7","0","57.8","0",,,,,,,,
"USW00013958","AUSTIN CAMP MABRY, TX US","30.3208","-97.7604","204.2","1951",,,"        27","0","       116","0","        65"," ","        33"," ",,,"29.00"," ,0","68.9","0","80.5","0","57.3","0",,,,,,,,
"USW00013958","AUSTIN CAMP MABRY, TX US","30.3208","-97.7604","204.2","1952",,,"         8","0","       110","0","        65"," ","        36"," ",,,"27.74"," ,0","68.0","0","79.4","0","56.6","0",,,,,,,,
"USW00013958","AUSTIN CAMP MABRY, TX US","30.3208","-97.7604","204.2","1953",,,"        13","0","       124","0","        87"," ","        36"," ",,,"29.70"," ,0","68.8","0","80.2","0","57.5","0",,,,,,,,
"USW00013958","AUSTIN CAMP MABRY, TX US","30.3208","-97.7604","204.2","1954",,,"        12","0","       131","0","        56"," ","        25"," ",,,"11.45"," ,0","70.4","0","82.2","0","58.6","0",,,,,,,,
"USW00013958","AUSTIN CAMP MABRY, TX US","30.3208","-97.7604","204.2","1955",,,"        23","0","       143","0","        71"," ","        38"," ",,,"22.56"," ,0","69.4","0","80.7","0","58.1","0",,,,,,,,
"USW00013958","AUSTIN CAMP MABRY, TX US","30.3208","-97.7604","204.2","1956",,,"        11","0","       152","0","        40"," ","        29"," ",,,"15.42"," ,0","70.2","0","82.2","0","58.2","0",,,,,,,,
"USW00013958","AUSTIN CAMP MABRY, TX US","30.3208","-97.7604","204.2","1957",,,"         8","0","       103","0","       115"," ","        37"," ",,,"51.33"," ,0","68.2","0","78.0","0","58.3","0",,,,,,,,
"USW00013958","AUSTIN CAMP MABRY, TX US","30.3208","-97.7604","204.2","1958",,,"        19","0","       110","0","       112"," ","        37"," ",,,"41.04"," ,0","67.0","0","77.1","0","56.9","0",,,,,,,,
"USW00013958","AUSTIN CAMP MABRY, TX US","30.3208","-97.7604","204.2","1959",,,"        25","0","       118","0","       108"," ","        42"," ",,,"35.00"," ,0","67.4","0","77.8","0","56.9","0",,,,,,,,
"USW00013958","AUSTIN CAMP MABRY, TX US","30.3208","-97.7604","204.2","1960",,,"        23","0","       113","0","       114"," ","        35"," ",,,"35.84"," ,0","67.2","0","76.9","0","57.4","0",,,,,,,,
"USW00013958","AUSTIN CAMP MABRY, TX US","30.3208","-97.7604","204.2","1961",,,"        15","0","       101","0","       110"," ","        36"," ",,,"36.48"," ,0","67.3","0","77.6","0","57.0","0",,,,,,,,
"USW00013958","AUSTIN CAMP MABRY, TX US","30.3208","-97.7604","204.2","1962",,,"        20","0","       115","0","        90"," ","        48"," ",,,"33.49"," ,0","68.6","0","79.3","0","58.0","0",,,,,,,,
"USW00013958","AUSTIN CAMP MABRY, TX US","30.3208","-97.7604","204.2","1963",,,"        32","0","       137","0","        93"," ","        39"," ",,,"17.33"," ,0","69.2","0","80.3","0","58.1","0",,,,,,,,
"USW00013958","AUSTIN CAMP MABRY, TX US","30.3208","-97.7604","204.2","1964",,,"        26","0","       103","0","        97"," ","        42"," ",,,"32.99"," ,0","68.4","0","78.9","0","58.0","0",,,,,,,,
"USW00013958","AUSTIN CAMP MABRY, TX US","30.3208","-97.7604","204.2","1965",,,"        17","0","       105","0","       136"," ","        46"," ",,,"40.58"," ,0","68.2","0","78.0","0","58.4","0","   143568","X",,,,,,
"USW00013958","AUSTIN CAMP MABRY, TX US","30.3208","-97.7604","204.2","1966",,,"        32","0","        98","0","       128"," ","        39"," ",,,"25.21"," ,0","67.1","0","77.7","0","56.6","0","   152502","X",,,,,,
"USW00013958","AUSTIN CAMP MABRY, TX US","30.3208","-97.7604","204.2","1967",,,"        22","0","       106","0","       115"," ","        33"," ",,,"33.57"," ,0","68.6","0","79.6","0","57.6","0","   166002","X",,,,,,
"USW00013958","AUSTIN CAMP MABRY, TX US","30.3208","-97.7604","204.2","1968",,,"        27","0","        84","0","       150"," ","        48"," ",,,"38.76"," ,0","66.2","0","76.3","0","56.1","0","   150798","X",,,,,,
"USW00013958","AUSTIN CAMP MABRY, TX US","30.3208","-97.7604","204.2","1969",,,"        14","0","       108","0","       147"," ","        37"," ",,,"33.60"," ,0","67.9","0","78.2","0","57.5","0","   163518","X",,,,,,
"USW00013958","AUSTIN CAMP MABRY, TX US","30.3208","-97.7604","204.2","1970",,,"        26","0","        95","0","       116"," ","        38"," ",,,"30.63"," ,0","67.0","0","77.4","0","56.7","0","   162252","X",,,,,,
"USW00013958","AUSTIN CAMP MABRY, TX US","30.3208","-97.7604","204.2","1971",,,"        17","0","       110","0","       120"," ","        34"," ",,,"24.97"," ,0","69.6","0","80.2","0","58.9","0","   147420","X",,,,,,
"USW00013958","AUSTIN CAMP MABRY, TX US","30.3208","-97.7604","204.2","1972",,,"        23","0","       110","0","       158"," ","        48"," ",,,"26.09"," ,0","68.4","0","78.7","0","58.2","0","   171204","X",,,,,"63.3","X"
"USW00013958","AUSTIN CAMP MABRY, TX US","30.3208","-97.7604","204.2","1973",,,"        18","0","        98","0","       137"," ","        48"," ",,,"40.47"," ,0","67.4","0","77.2","0","57.5","0","   151296","X",,,,,"54.1","X"
"USW00013958","AUSTIN CAMP MABRY, TX US","30.3208","-97.7604","204.2","1974",,,"        18","0","        86","0","       133"," ","        42"," ",,,"36.22"," ,0","67.8","0","77.9","0","57.6","0","   159624","X",,,,,"57.5","X"
"USW00013958","AUSTIN CAMP MABRY, TX US","30.3208","-97.7604","204.2","1975",,,"        23","0","        80","0","       142"," ","        50"," ",,,"36.83"," ,0","67.5","0","77.9","0","57.0","0","   163962","X",,,,,"51.7","X"
"USW00013958","AUSTIN CAMP MABRY, TX US","30.3208","-97.7604","204.2","1976",,,"        25","0","        79","0","       129"," ","        51"," ",,,"41.28"," ,0","66.2","0","76.3","0","56.0","0","   145704","X",,,,,"62.2","X"
"USW00013958","AUSTIN CAMP MABRY, TX US","30.3208","-97.7604","204.2","1977",,,"        23","0","       119","0","       111"," ","        29"," ",,,"22.18"," ,0","68.6","0","79.1","0","58.2","0","   173244","X",,,,,"47.2","X"
"USW00013958","AUSTIN CAMP MABRY, TX US","30.3208","-97.7604","204.2","1978",,,"        39","0","       109","0","       136"," ","        35"," ",,,"30.99"," ,0","67.0","0","76.8","0","57.1","0","   157008","X",,,,,"50.6","X"
"USW00013958","AUSTIN CAMP MABRY, TX US","30.3208","-97.7604","204.2","1979",,,"        31","0","        99","0","       141"," ","        42"," ",,,"37.52"," ,0","66.2","0","76.2","0","56.2","0","   147396","X",,,,,"49.4","X"
"USW00013958","AUSTIN CAMP MABRY, TX US","30.3208","-97.7604","204.2","1980",,,"        17","0","       122","0","       106"," ","        42"," ",,,"27.40"," ,0","68.9","0","79.6","0","58.2","0","   174696","X","       280","X","40.0","X",,
"USW00013958","AUSTIN CAMP MABRY, TX US","30.3208","-97.7604","204.2","1981",,,"        10","0","       119","0","       164"," ","        34"," ",,,"45.75"," ,0","69.3","0","79.1","0","59.4","0","   162210","X","       340","X","34.9","X",,
"USW00013958","AUSTIN CAMP MABRY, TX US","30.3208","-97.7604","204.2","1982",,,"        19","0","       125","0","       137"," ","        44"," ",,,"26.65"," ,0","69.1","0","79.0","0","59.2","0","   152988","X","       350","X","34.9","X","51.7","X"
"USW00013958","AUSTIN CAMP MABRY, TX US","30.3208","-97.7604","204.2","1983",,,"        21","0","        85","0","       141"," ","        51"," ",,,"33.99"," ,0","66.1","0","76.1","0","56.2","0","   152724","X","       330","X","40.0","X","57.5","X"
"USW00013958","AUSTIN CAMP MABRY, TX US","30.3208","-97.7604","204.2","1984","9.2","X","        12","0","       129","0","        98"," ","        37"," ",,,"26.32"," ,0","69.3","0","80.1","0","58.5","0","   169472","X","       340","X","38.9","X","56.4","X"
"USW00013958","AUSTIN CAMP MABRY, TX US","30.3208","-97.7604","204.2","1985","8.7","X","        27","0","        98","0","       129"," ","        40"," ",,,"32.50"," ,0","68.2","0","77.7","0","58.6","0","   161728","X","       350","X","33.1","X","51.7","X"
"USW00013958","AUSTIN CAMP MABRY, TX US","30.3208","-97.7604","204.2","1986","8.5","X","         4","0","       104","0","       139"," ","        42"," ","67.2","0","35.05"," ,0","69.4","0","79.2","0","59.6","0","   142546","X","       150","X","34.9","X","51.7","X"
"USW00013958","AUSTIN CAMP MABRY, TX US","30.3208","-97.7604","204.2","1987","8.5","X","        11","0","        94","0","       122"," ","        48"," ",,,"36.69"," ,0","68.2","0","78.4","0","58.0","0","   171522","X","        20","X","51.9","X","80.5","X"
"USW00013958","AUSTIN CAMP MABRY, TX US","30.3208","-97.7604","204.2","1988","8.9","X","        15","0","       117","0","       109"," ","        37"," ",,,"19.22"," ,0","69.2","0","80.2","0","58.1","0","   159033","X","       340","X","40.9","X","54.1","X"
"USW00013958","AUSTIN CAMP MABRY, TX US","30.3208","-97.7604","204.2","1989","9.2","X","        32","0","       130","0","       127"," ","        38"," ",,,"25.91"," ,0","68.5","0","79.2","0","57.7","0","   160380","X","       290","X","34.9","X","50.6","X"
"USW00013958","AUSTIN CAMP MABRY, TX US","30.3208","-97.7604","204.2","1990","8.5","X","         9","0","       135","0","       139"," ","        41"," ",,,"28.48"," ,0","70.7","0","81.4","0","60.0","0","   152179","X","       260","X","34.9","X","55.3","X"
"USW00013958","AUSTIN CAMP MABRY, TX US","30.3208","-97.7604","204.2","1991","8.3","X","         7","0","       112","0","       155"," ","        67"," ",,,"52.22"," ,0","68.9","0","78.8","0","59.1","0","   139128","X","        10","X","34.9","X","47.2","X"
"USW00013958","AUSTIN CAMP MABRY, TX US","30.3208","-97.7604","204.2","1992","8.3","X","         5","0","       104","0","       157"," ","        54"," ",,,"46.10"," ,0","68.8","0","78.8","0","58.8","0","   155056","X","       320","X","40.9","X","63.3","X"
"USW00013958","AUSTIN CAMP MABRY, TX US","30.3208","-97.7604","204.2","1993","8.9","X","         8","0","       119","0","       111"," ","        35"," ",,,"26.54"," ,0","68.5","0","78.7","0","58.3","0","   149663","X","       350","X","36.9","X","58.6","X"
"USW00013958","AUSTIN CAMP MABRY, TX US","30.3208","-97.7604","204.2","1994","8.3","X","         9","0","       107","0","       150"," ","        43"," ",,,"41.19"," ,0","69.8","0","80.1","0","59.5","0","   143240","X","       330","X","36.0","X","59.7","X"
"USW00013958","AUSTIN CAMP MABRY, TX US","30.3208","-97.7604","204.2","1995","7.6","X","         8","0","        98","0","       165"," ","        54"," ",,,"34.00"," ,0","68.8","0","78.8","0","58.9","0","   158401","X",,,,,,
"USW00013958","AUSTIN CAMP MABRY, TX US","30.3208","-97.7604","204.2","1996","8.3","X","        25","0","       116","0","       131"," ","        37"," ",,,"29.59"," ,0","69.2","0","80.1","0","58.2","0","   150438","X",,,,,,
"USW00013958","AUSTIN CAMP MABRY, TX US","30.3208","-97.7604","204.2","1997","7.2","X","        15","0","        98","0","       178"," ","        36"," ",,,"46.81"," ,0","67.1","0","76.4","0","57.8","0",,,,,,,,
"USW00013958","AUSTIN CAMP MABRY, TX US","30.3208","-97.7604","204.2","1998","7.6","X","         7","0","       131","0","       178"," ","        45"," ",,,"39.14"," ,0","70.7","0","80.5","0","60.9","0","   149986","X",,,,,,
"USW00013958","AUSTIN CAMP MABRY, TX US","30.3208","-97.7604","204.2","1999","6.7","X","         7","0","       116","0","       118"," ","        11"," ",,,"23.98"," ,0","71.2","0","82.0","0","60.3","0",,,,,,,,
"USW00013958","AUSTIN CAMP MABRY, TX US","30.3208","-97.7604","204.2","2000","6.3","X","        14","0","       130","0","       131"," ","        28"," ",,,"37.30"," ,0","70.2","0","80.6","0","59.8","0",,,,,,,,
"USW00013958","AUSTIN CAMP MABRY, TX US","30.3208","-97.7604","204.2","2001","5.8","X","        13","0","       106","0","       152"," ","        65"," ",,,"42.89"," ,0","68.7","0","78.8","0","58.6","0",,,,,,,,
"USW00013958","AUSTIN CAMP MABRY, TX US","30.3208","-97.7604","204.2","2002","6.0","X","        15","0","       124","0","       121"," ","        55"," ",,,"36.04"," ,0","68.8","0","78.9","0","58.6","0",,,,,,,,
"USW00013958","AUSTIN CAMP MABRY, TX US","30.3208","-97.7604","204.2","2003","5.6","X","        14","0","       119","0","       140"," ","        54"," ",,,"21.43"," ,0","69.5","0","79.9","0","59.1","0",,,,,,,,
"USW00013958","AUSTIN CAMP MABRY, TX US","30.3208","-97.7604","204.2","2004","5.6","X","        14","0","       103","0","       154"," ","        72"," ",,,"52.28"," ,0","69.3","0","78.9","0","59.7","0",,,,,,,,
"USW00013958","AUSTIN CAMP MABRY, TX US","30.3208","-97.7604","204.2","2005","5.4","X","         9","0","       127","0","       120"," ","        63"," ",,,"22.36"," ,0","69.9","0","80.8","0","59.1","0",,,,,,,,
"USW00013958","AUSTIN CAMP MABRY, TX US","30.3208","-97.7604","204.2","2006","5.8","W","         7","0","       144","0","       119"," ","        56"," ",,,"34.72"," ,0","71.6","0","82.9","0","60.2","0",,,,,,,,
"USW00013958","AUSTIN CAMP MABRY, TX US","30.3208","-97.7604","204.2","2007","4.5","W","        16","0","       105","0","       181"," ","        86"," ",,,"46.94"," ,0","69.0","0","78.8","0","59.3","0","   140489","W",,,,,,
"USW00013958","AUSTIN CAMP MABRY, TX US","30.3208","-97.7604","204.2","2008","5.1","W","        12","0","       148","0","       114"," ","        56"," ",,,"16.09"," ,0","70.9","0","82.9","0","58.9","0","   161421","W",,,,,,
"USW00013958","AUSTIN CAMP MABRY, TX US","30.3208","-97.7604","204.2","2009","4.9","W","        13","0","       129","0","       133"," ","        54"," ",,,"31.40"," ,0","70.6","0","81.8","0","59.3","0",,,,,,,,
"USW00013958","AUSTIN CAMP MABRY, TX US","30.3208","-97.7604","204.2","2010","4.7","W","        21","0","       119","0","       148"," ","        49"," ",,,"37.76"," ,0","69.0","0","79.5","0","58.5","0",,,,,,,,
"USW00013958","AUSTIN CAMP MABRY, TX US","30.3208","-97.7604","204.2","2011","5.6","W","        18","X","       164","X","        79"," ","        29"," ",,,"19.69"," ,X","72.0","X","84.0","X","60.0","X",,,,,,,,
"USW00013958","AUSTIN CAMP MABRY, TX US","30.3208","-97.7604","204.2","2012","4.9","X","        11","X","       134","X","        80"," ","        41"," ",,,"33.02"," ,X","71.6","X","82.6","X","60.6","X",,,,,,,,
"USW00013958","AUSTIN CAMP MABRY, TX US","30.3208","-97.7604","204.2","2013","5.1","W","        13","W","       135","W","        59"," ","        23"," ",,,"41.05"," ,W","70.0","W","81.3","W","58.7","W",,,,,,,,
"USW00013958","AUSTIN CAMP MABRY, TX US","30.3208","-97.7604","204.2","2014","5.4","W","        23","W","       115","W","        74"," ","        17"," ",,,"35.56"," ,W","69.0","W","79.6","W","58.3","W",,,,,,,,
"USW00013958","AUSTIN CAMP MABRY, TX US","30.3208","-97.7604","204.2","2015","4.7","W","        12","W","       121","W","       149"," ","        53"," ",,,"59.98"," ,W","69.8","W","79.9","W","59.6","W",,,,,,,,
"USW00013958","AUSTIN CAMP MABRY, TX US","30.3208","-97.7604","204.2","2016","4.7","W","         6","W","       119","W","       142"," ","        55"," ",,,"38.87"," ,W","71.3","W","81.6","W","61.1","W",,,,,,,,
"USW00013958","AUSTIN CAMP MABRY, TX US","30.3208","-97.7604","204.2","2017","4.9","W","         6","W","       127","W","       115"," ","        38"," ",,,"34.73"," ,W","72.1","W","82.9","W","61.3","W",,,,,,,,
"USW00013958","AUSTIN CAMP MABRY, TX US","30.3208","-97.7604","204.2","2018","4.9","W","        15","W","       129","W","       123"," ","        43"," ",,,"40.55"," ,W","70.4","W","80.6","W","60.1","W",,,,,,,,
"USW00013958","AUSTIN CAMP MABRY, TX US","30.3208","-97.7604","204.2","2019","4.7","W","        11","W","       143","W","       117"," ","        44"," ",,,"31.87"," ,W","70.6","W","81.4","W","59.9","W",,,,,,,,
"USW00013958","AUSTIN CAMP MABRY, TX US","30.3208","-97.7604","204.2","2020",,,,,,,"        97"," ","        35"," ",,,,,,,,,,,,,,,,,,
"USW00003822","SAVANNAH INTERNATIONAL AIRPORT, GA US","32.13133","-81.20237","14.0","1948",,,"        13","0","        59","0","       179"," ","        73"," ",,,"64.36"," ,0","67.5","0","76.8","0","58.1","0",,,,,,,,
"USW00003822","SAVANNAH INTERNATIONAL AIRPORT, GA US","32.13133","-81.20237","14.0","1949",,,"         2","0","        53","0","       137"," ","        61"," ",,,"41.17"," ,0","68.4","0","77.8","0","59.0","0",,,,,,,,
"USW00003822","SAVANNAH INTERNATIONAL AIRPORT, GA US","32.13133","-81.20237","14.0","1950",,,"        18","0","        53","0","       109"," ","        66"," ",,,"55.95"," ,0","66.7","0","76.6","0","56.8","0",,,,,,,,
"USW00003822","SAVANNAH INTERNATIONAL AIRPORT, GA US","32.13133","-81.20237","14.0","1951",,,"        28","0","        79","0","       146"," ","        79"," ",,,"48.67"," ,0","66.6","0","77.3","0","55.8","0",,,,,,,,
"USW00003822","SAVANNAH INTERNATIONAL AIRPORT, GA US","32.13133","-81.20237","14.0","1952",,,"        19","0","        81","0","       128"," ","        75"," ",,,"38.50"," ,0","66.6","0","77.9","0","55.4","0",,,,,,,,
"USW00003822","SAVANNAH INTERNATIONAL AIRPORT, GA US","32.13133","-81.20237","14.0","1953",,,"        17","0","        63","0","       142"," ","        60"," ",,,"55.27"," ,0","66.7","0","77.6","0","55.8","0",,,,,,,,
"USW00003822","SAVANNAH INTERNATIONAL AIRPORT, GA US","32.13133","-81.20237","14.0","1954",,,"        35","0","        93","0","       130"," ","        47"," ",,,"32.86"," ,0","66.3","0","78.2","0","54.4","0",,,,,,,,
"USW00003822","SAVANNAH INTERNATIONAL AIRPORT, GA US","32.13133","-81.20237","14.0","1955",,,"        36","0","        68","0","       146"," ","        67"," ",,,"38.54"," ,0","65.8","0","77.2","0","54.4","0",,,,,,,,
"USW00003822","SAVANNAH INTERNATIONAL AIRPORT, GA US","32.13133","-81.20237","14.0","1956",,,"        28","0","        75","0","       153"," ","        56"," ",,,"43.15"," ,0","66.4","0","77.7","0","55.1","0",,,,,,,,
"USW00003822","SAVANNAH INTERNATIONAL AIRPORT, GA US","32.13133","-81.20237","14.0","1957",,,"        18","0","        60","0","       178"," ","        62"," ",,,"64.01"," ,0","66.3","0","76.4","0","56.2","0",,,,,,,,
"USW00003822","SAVANNAH INTERNATIONAL AIRPORT, GA US","32.13133","-81.20237","14.0","1958",,,"        42","0","        71","0","       170"," ","        60"," ",,,"48.04"," ,0","64.4","0","74.8","0","54.0","0",,,,,,,,
"USW00003822","SAVANNAH INTERNATIONAL AIRPORT, GA US","32.13133","-81.20237","14.0","1959",,,"        26","0","        63","0","       163"," ","        72"," ",,,"68.00"," ,0","66.2","0","76.3","0","56.1","0",,,,,,,,
"USW00003822","SAVANNAH INTERNATIONAL AIRPORT, GA US","32.13133","-81.20237","14.0","1960",,,"        50","0","        60","0","       169"," ","        72"," ",,,"53.75"," ,0","64.7","0","75.4","0","53.9","0",,,,,,,,
"USW00003822","SAVANNAH INTERNATIONAL AIRPORT, GA US","32.13133","-81.20237","14.0","1961",,,"        33","0","        66","0","       143"," ","        68"," ",,,"49.02"," ,0","65.8","0","76.6","0","54.9","0",,,,,,,,
"USW00003822","SAVANNAH INTERNATIONAL AIRPORT, GA US","32.13133","-81.20237","14.0","1962",,,"        29","0","        72","0","       159"," ","        76"," ",,,"54.11"," ,0","65.6","0","76.3","0","54.8","0",,,,,,,,
"USW00003822","SAVANNAH INTERNATIONAL AIRPORT, GA US","32.13133","-81.20237","14.0","1963",,,"        44","0","        75","0","       136"," ","        66"," ",,,"50.86"," ,0","64.8","0","75.6","0","53.9","0",,,,,,,,
"USW00003822","SAVANNAH INTERNATIONAL AIRPORT, GA US","32.13133","-81.20237","14.0","1964",,,"        26","0","        62","0","       167"," ","        63"," ",,,"73.19"," ,0","65.5","0","76.3","0","54.7","0",,,,,,,,
"USW00003822","SAVANNAH INTERNATIONAL AIRPORT, GA US","32.13133","-81.20237","14.0","1965",,,"        39","0","        52","0","       168"," ","        79"," ",,,"45.83"," ,0","65.6","0","77.1","0","54.2","0","   162066","X",,,,,"58.6","X"
"USW00003822","SAVANNAH INTERNATIONAL AIRPORT, GA US","32.13133","-81.20237","14.0","1966",,,"        48","0","        42","0","       177"," ","        57"," ",,,"45.43"," ,0","64.4","0","75.6","0","53.3","0","   153204","X",,,,,"54.1","X"
"USW00003822","SAVANNAH INTERNATIONAL AIRPORT, GA US","32.13133","-81.20237","14.0","1967",,,"        33","0","        62","0","       176"," ","        55"," ",,,"41.30"," ,0","65.7","0","77.5","0","53.9","0","   166788","X",,,,,"48.3","X"
"USW00003822","SAVANNAH INTERNATIONAL AIRPORT, GA US","32.13133","-81.20237","14.0","1968",,,"        64","0","        72","0","       181"," ","        58"," ",,,"37.35"," ,0","64.8","0","76.4","0","53.2","0","   176538","X",,,,,"54.1","X"
"USW00003822","SAVANNAH INTERNATIONAL AIRPORT, GA US","32.13133","-81.20237","14.0","1969",,,"        52","X","        41","X","       194"," ","        59"," ",,,"60.87"," ,X","64.3","X","74.8","X","53.7","X","   167478","X",,,,,"55.3","X"
"USW00003822","SAVANNAH INTERNATIONAL AIRPORT, GA US","32.13133","-81.20237","14.0","1970",,,"        42","X","        69","X","       202"," ","        50"," ",,,"53.85"," ,X","65.9","X","77.0","X","54.9","X","   174834","X",,,,,,
"USW00003822","SAVANNAH INTERNATIONAL AIRPORT, GA US","32.13133","-81.20237","14.0","1971",,,"        29","X","        66","X","       199"," ","        68"," ",,,"61.36"," ,X","67.0","X","78.0","X","56.0","X","   172326","X",,,,,"73.6","X"
"USW00003822","SAVANNAH INTERNATIONAL AIRPORT, GA US","32.13133","-81.20237","14.0","1972",,,"        18","0","        63","0","       184"," ","        51"," ",,,"48.58"," ,0","67.0","0","77.7","0","56.4","0","   166386","X",,,,,,
"USW00003822","SAVANNAH INTERNATIONAL AIRPORT, GA US","32.13133","-81.20237","14.0","1973",,,"        26","0","        52","0","       192"," ","        60"," ",,,"45.43"," ,0","66.9","0","77.1","0","56.6","0","   147030","X",,,,,"49.4","X"
"USW00003822","SAVANNAH INTERNATIONAL AIRPORT, GA US","32.13133","-81.20237","14.0","1974",,,"        15","0","        43","0","       183"," ","        77"," ",,,"41.95"," ,0","67.3","0","78.1","0","56.4","0","   153792","X",,,,,"54.1","X"
"USW00003822","SAVANNAH INTERNATIONAL AIRPORT, GA US","32.13133","-81.20237","14.0","1975",,,"        21","0","        50","0","       198"," ","        80"," ",,,"51.20"," ,0","67.5","0","77.8","0","57.3","0","   147672","X",,,,,"59.7","X"
"USW00003822","SAVANNAH INTERNATIONAL AIRPORT, GA US","32.13133","-81.20237","14.0","1976",,,"        33","0","        38","0","       169"," ","        62"," ",,,"63.76"," ,0","64.4","0","74.8","0","53.9","0","   162786","X",,,,,"54.1","X"
"USW00003822","SAVANNAH INTERNATIONAL AIRPORT, GA US","32.13133","-81.20237","14.0","1977",,,"        46","0","        85","0","       168"," ","        71"," ",,,"41.88"," ,0","66.1","0","76.8","0","55.5","0","   164358","X",,,,,"51.7","X"
"USW00003822","SAVANNAH INTERNATIONAL AIRPORT, GA US","32.13133","-81.20237","14.0","1978",,,"        41","0","        81","0","       177"," ","        53"," ",,,"35.43"," ,0","66.1","0","76.3","0","55.8","0","   151614","X",,,,,"55.3","X"
"USW00003822","SAVANNAH INTERNATIONAL AIRPORT, GA US","32.13133","-81.20237","14.0","1979",,,"        32","0","        64","0","       170"," ","        53"," ",,,"61.95"," ,0","66.0","0","76.0","0","55.9","0","   156072","X",,,,,"67.8","X"
"USW00003822","SAVANNAH INTERNATIONAL AIRPORT, GA US","32.13133","-81.20237","14.0","1980",,,"        27","0","        90","0","       177"," ","        46"," ",,,"37.85"," ,0","66.1","0","76.0","0","56.2","0","   160014","X",,,,,"48.3","X"
"USW00003822","SAVANNAH INTERNATIONAL AIRPORT, GA US","32.13133","-81.20237","14.0","1981",,,"        38","0","        78","0","       155"," ","        56"," ",,,"40.07"," ,0","65.7","0","76.6","0","54.8","0","   167454","X","       320","X","46.1","X","57.5","X"
"USW00003822","SAVANNAH INTERNATIONAL AIRPORT, GA US","32.13133","-81.20237","14.0","1982",,,"        19","0","        61","0","       208"," ","        62"," ",,,"52.27"," ,0","67.5","0","77.3","0","57.8","0","   138534","X","       300","X","29.1","X",,
"USW00003822","SAVANNAH INTERNATIONAL AIRPORT, GA US","32.13133","-81.20237","14.0","1983",,,"        18","0","        64","0","       169"," ","        40"," ",,,"54.54"," ,0","65.6","0","75.4","0","55.8","0","   163338","X","       100","X","34.9","X","51.7","X"
"USW00003822","SAVANNAH INTERNATIONAL AIRPORT, GA US","32.13133","-81.20237","14.0","1984","6.7","X","        18","0","        64","0","       179"," ","        52"," ",,,"50.69"," ,0","67.0","0","77.3","0","56.6","0","   172336","X","       220","X","44.1","X","67.8","X"
"USW00003822","SAVANNAH INTERNATIONAL AIRPORT, GA US","32.13133","-81.20237","14.0","1985","7.2","X","        35","0","        86","0","       181"," ","        63"," ",,,"38.67"," ,0","67.6","0","78.0","0","57.1","0","   169053","X","       230","X","40.0","X","62.2","X"
"USW00003822","SAVANNAH INTERNATIONAL AIRPORT, GA US","32.13133","-81.20237","14.0","1986","7.8","X","        16","0","       114","0","       194"," ","        70"," ",,,"45.34"," ,0","68.6","0","79.4","0","57.8","0","   168867","X","       350","X","36.9","X","63.3","X"
"USW00003822","SAVANNAH INTERNATIONAL AIRPORT, GA US","32.13133","-81.20237","14.0","1987","8.5","X","        19","0","        86","0","       199"," ","        64"," ",,,"56.72"," ,0","66.5","0","76.9","0","56.2","0","   173213","X","       150","X","29.1","X","58.6","X"
"USW00003822","SAVANNAH INTERNATIONAL AIRPORT, GA US","32.13133","-81.20237","14.0","1988","7.8","X","        39","0","        77","0","       185"," ","        49"," ",,,"48.20"," ,0","65.7","0","76.4","0","55.0","0","   176687","X","       220","X","29.1","X","44.7","X"
"USW00003822","SAVANNAH INTERNATIONAL AIRPORT, GA US","32.13133","-81.20237","14.0","1989","8.1","X","        21","0","        80","0","       210"," ","        63"," ",,,"46.90"," ,0","67.0","0","77.4","0","56.6","0","   155000","X",,,,,"56.4","X"
"USW00003822","SAVANNAH INTERNATIONAL AIRPORT, GA US","32.13133","-81.20237","14.0","1990","7.8","X","         5","0","       100","0","       182"," ","        52"," ","77.0","0","43.11"," ,0","69.4","0","80.4","0","58.4","0","   185328","X","       310","X","34.9","X","60.8","X"
"USW00003822","SAVANNAH INTERNATIONAL AIRPORT, GA US","32.13133","-81.20237","14.0","1991","8.1","X","        13","0","        80","0","       189"," ","        76"," ","62.3","0","68.45"," ,0","68.4","0","78.0","0","58.8","0","   166952","X","       250","X","40.0","X","65.5","X"
"USW00003822","SAVANNAH INTERNATIONAL AIRPORT, GA US","32.13133","-81.20237","14.0","1992","8.1","X","         9","0","        66","0","       183"," ","        70"," ",,,"58.38"," ,0","66.7","0","76.4","0","57.0","0","   165101","X","       270","X","34.9","X",,
"USW00003822","SAVANNAH INTERNATIONAL AIRPORT, GA US","32.13133","-81.20237","14.0","1993","8.3","X","        13","0","        98","0","       174"," ","        64"," ",,,"48.06"," ,0","67.2","0","77.2","0","57.1","0","   174165","X","       300","X","40.9","X","67.8","X"
"USW00003822","SAVANNAH INTERNATIONAL AIRPORT, GA US","32.13133","-81.20237","14.0","1994","7.8","X","        15","0","        69","0","       172"," ","        82"," ",,,"69.48"," ,0","67.9","0","77.7","0","58.2","0","   156024","X","       280","X","32.0","X","59.7","X"
"USW00003822","SAVANNAH INTERNATIONAL AIRPORT, GA US","32.13133","-81.20237","14.0","1995","7.2","X","        20","0","        77","0","       170"," ","        61"," ",,,"51.13"," ,0","67.5","0","77.3","0","57.6","0",,,"       290","X","40.0","X","66.7","X"
"USW00003822","SAVANNAH INTERNATIONAL AIRPORT, GA US","32.13133","-81.20237","14.0","1996",,,"        31","0","        62","0","       216"," ","        61"," ",,,"36.18"," ,0","66.0","0","77.0","0","54.9","0",,,,,,,,
"USW00003822","SAVANNAH INTERNATIONAL AIRPORT, GA US","32.13133","-81.20237","14.0","1997","6.0","X","        20","0","        52","0","       255"," ","        52"," ",,,"55.74"," ,0","65.6","0","76.0","0","55.3","0",,,,,,,,
"USW00003822","SAVANNAH INTERNATIONAL AIRPORT, GA US","32.13133","-81.20237","14.0","1998","5.8","X","        11","0","        84","0","       252"," ","        56"," ",,,"49.50"," ,0","68.0","0","78.4","0","57.6","0",,,,,,,,
"USW00003822","SAVANNAH INTERNATIONAL AIRPORT, GA US","32.13133","-81.20237","14.0","1999","6.0","X","        28","0","        68","0","       225"," ","        43"," ",,,"48.81"," ,0","66.6","0","78.1","0","55.1","0",,,,,,,,
"USW00003822","SAVANNAH INTERNATIONAL AIRPORT, GA US","32.13133","-81.20237","14.0","2000","5.6","X","        42","0","        84","0","       201"," ","        50"," ",,,"37.45"," ,0","65.2","0","77.0","0","53.5","0",,,,,,,,
"USW00003822","SAVANNAH INTERNATIONAL AIRPORT, GA US","32.13133","-81.20237","14.0","2001","5.6","X","        28","0","        59","0","       217"," ","        53"," ",,,"31.66"," ,0","66.4","0","77.4","0","55.4","0",,,,,,,,
"USW00003822","SAVANNAH INTERNATIONAL AIRPORT, GA US","32.13133","-81.20237","14.0","2002","5.8","X","        32","0","        76","0","       210"," ","        45"," ",,,"47.45"," ,0","67.2","0","77.6","0","56.7","0",,,,,,,,
"USW00003822","SAVANNAH INTERNATIONAL AIRPORT, GA US","32.13133","-81.20237","14.0","2003","5.6","X","        31","0","        57","0","       238"," ","        63"," ",,,"47.74"," ,0","66.4","0","76.6","0","56.1","0",,,,,,,,
"USW00003822","SAVANNAH INTERNATIONAL AIRPORT, GA US","32.13133","-81.20237","14.0","2004","6.3","X","        27","0","        61","0","       202"," ","        57"," ",,,"37.23"," ,0","66.2","0","76.4","0","56.0","0",,,,,,,,
"USW00003822","SAVANNAH INTERNATIONAL AIRPORT, GA US","32.13133","-81.20237","14.0","2005","6.5","X","        18","0","        70","0","       222"," ","        57"," ",,,"46.07"," ,0","65.9","0","76.4","0","55.4","0",,,,,,,,
"USW00003822","SAVANNAH INTERNATIONAL AIRPORT, GA US","32.13133","-81.20237","14.0","2006","6.3","W","        23","0","        81","0","       244"," ","        40"," ",,,"34.49"," ,0","66.5","0","78.1","0","54.9","0",,,,,,,,
"USW00003822","SAVANNAH INTERNATIONAL AIRPORT, GA US","32.13133","-81.20237","14.0","2007","6.3","W","        21","0","        67","0","       235"," ","        45"," ",,,"49.95"," ,0","67.3","0","78.1","0","56.4","0",,,,,,,,
"USW00003822","SAVANNAH INTERNATIONAL AIRPORT, GA US","32.13133","-81.20237","14.0","2008","6.5","W","        22","0","        88","0","       212"," ","        42"," ",,,"47.30"," ,0","67.2","0","77.8","0","56.6","0",,,,,,,,
"USW00003822","SAVANNAH INTERNATIONAL AIRPORT, GA US","32.13133","-81.20237","14.0","2009","6.7","W","        24","0","        70","0","       237"," ","        55"," ",,,"61.12"," ,0","66.7","0","76.8","0","56.7","0",,,,,,,,
"USW00003822","SAVANNAH INTERNATIONAL AIRPORT, GA US","32.13133","-81.20237","14.0","2010","6.5","W","        60","0","       102","0","       186"," ","        55"," ",,,"36.37"," ,0","66.0","0","77.2","0","54.9","0",,,,,,,,
"USW00003822","SAVANNAH INTERNATIONAL AIRPORT, GA US","32.13133","-81.20237","14.0","2011","6.9","W","        20","X","       121","X","       180"," ","        55"," ",,,"34.87"," ,X","67.9","X","79.6","X","56.3","X",,,,,,,,
"USW00003822","SAVANNAH INTERNATIONAL AIRPORT, GA US","32.13133","-81.20237","14.0","2012","6.7","X","        17","X","        67","X","       134"," ","        58"," ",,,"40.24"," ,X","68.3","X","79.0","X","57.7","X",,,,,,,,
"USW00003822","SAVANNAH INTERNATIONAL AIRPORT, GA US","32.13133","-81.20237","14.0","2013","6.9","W","        15","W","        56","W","        95"," ","        15"," ",,,"54.10"," ,W","67.3","W","77.5","W","57.1","W",,,,,,,,
"USW00003822","SAVANNAH INTERNATIONAL AIRPORT, GA US","32.13133","-81.20237","14.0","2014","6.5","W","        19","W","        97","W","       119"," ","        30"," ",,,"50.58"," ,W","67.5","W","78.1","W","56.9","W",,,,,,,,
"USW00003822","SAVANNAH INTERNATIONAL AIRPORT, GA US","32.13133","-81.20237","14.0","2015","6.7","W","        15","W","        79","W","       188"," ","        57"," ",,,"47.65"," ,W","68.7","W","78.6","W","58.8","W",,,,,,,,
"USW00003822","SAVANNAH INTERNATIONAL AIRPORT, GA US","32.13133","-81.20237","14.0","2016","7.4","W","        16","W","       105","W","       145"," ","        57"," ",,,"55.46"," ,W","69.1","W","79.8","W","58.3","W",,,,,,,,
"USW00003822","SAVANNAH INTERNATIONAL AIRPORT, GA US","32.13133","-81.20237","14.0","2017","7.4","W","        10","W","        96","W","       183"," ","        71"," ",,,"53.24"," ,W","69.7","W","80.4","W","59.1","W",,,,,,,,
"USW00003822","SAVANNAH INTERNATIONAL AIRPORT, GA US","32.13133","-81.20237","14.0","2018","7.4","W","        24","W","       111","W","       181"," ","        83"," ",,,"43.05"," ,W","68.6","W","78.9","W","58.3","W",,,,,,,,
"USW00003822","SAVANNAH INTERNATIONAL AIRPORT, GA US","32.13133","-81.20237","14.0","2019","7.2","W","         7","W","       114","W","       171"," ","        65"," ",,,"51.38"," ,W","69.8","W","80.3","W","59.3","W",,,,,,,,
"USW00003822","SAVANNAH INTERNATIONAL AIRPORT, GA US","32.13133","-81.20237","14.0","2020",,,,,,,"       127"," ","        68"," ",,,,,,,,,,,,,,,,,,
"USW00003969","STEPHENVILLE 9 NNE, TX US","32.33624","-98.141","378.0","1919",,,,,,,,,,,,,"39.79"," ,0",,,,,,,,,,,,,,
"USW00003969","STEPHENVILLE 9 NNE, TX US","32.33624","-98.141","378.0","1920",,,,,,,,,,,,,"38.67"," ,0",,,,,,,,,,,,,,
"USW00003969","STEPHENVILLE 9 NNE, TX US","32.33624","-98.141","378.0","1922",,,,,,,,,,,,,"28.78"," ,0",,,,,,,,,,,,,,
"USW00003969","STEPHENVILLE 9 NNE, TX US","32.33624","-98.141","378.0","1923",,,,,,,,,"         2"," ",,,,,,,,,,,,,,,,,,
"USW00003969","STEPHENVILLE 9 NNE, TX US","32.33624","-98.141","378.0","1924",,,"        82","0",,,,,,,,,"19.01"," ,0",,,,,"48.3","0",,,,,,,,
"USW00003969","STEPHENVILLE 9 NNE, TX US","32.33624","-98.141","378.0","1925",,,,,,,,,,,,,"23.90"," ,0",,,,,,,,,,,,,,
"USW00003969","STEPHENVILLE 9 NNE, TX US","32.33624","-98.141","378.0","1926",,,,,,,,,,,,,"28.78"," ,0",,,,,,,,,,,,,,
"USW00003969","STEPHENVILLE 9 NNE, TX US","32.33624","-98.141","378.0","1927",,,,,,,,,,,,,"33.56"," ,0",,,,,,,,,,,,,,
"USW00003969","STEPHENVILLE 9 NNE, TX US","32.33624","-98.141","378.0","1928",,,,,,,,,,,,,"26.39"," ,0",,,,,,,,,,,,,,
"USW00003969","STEPHENVILLE 9 NNE, TX US","32.33624","-98.141","378.0","1929",,,,,,,"         3"," ","         1"," ",,,,,,,,,,,,,,,,,,
"USW00003969","STEPHENVILLE 9 NNE, TX US","32.33624","-98.141","378.0","1930",,,,,,,"         3"," ",,,,,"30.15"," ,0",,,,,,,,,,,,,,
"USW00003969","STEPHENVILLE 9 NNE, TX US","32.33624","-98.141","378.0","1931",,,,,,,"         1"," ",,,,,"30.95"," ,0",,,,,,,,,,,,,,
"USW00003969","STEPHENVILLE 9 NNE, TX US","32.33624","-98.141","378.0","1941",,,,,,,"         6"," ","        14"," ",,,,,,,,,,,,,,,,,,
"USW00003969","STEPHENVILLE 9 NNE, TX US","32.33624","-98.141","378.0","1942",,,"        49","0","        77","0","         3"," ","        24"," ",,,"35.41"," ,0","63.8","0","76.1","0","51.5","0",,,,,,,,
"USW00003969","STEPHENVILLE 9 NNE, TX US","32.33624","-98.141","378.0","1943",,,"        39","0","        86","0",,,"        12"," ",,,"15.57"," ,0","65.8","0","78.7","0","52.9","0",,,,,,,,
"USW00003969","STEPHENVILLE 9 NNE, TX US","32.33624","-98.141","378.0","1944",,,"        32","0","        82","0","         1"," ","        12"," ",,,"28.49"," ,0","65.2","0","75.3","0","55.2","0",,,,,,,,
"USW00003969","STEPHENVILLE 9 NNE, TX US","32.33624","-98.141","378.0","1945",,,"        29","0","        76","0",,,"        27"," ",,,"38.04"," ,0","64.6","0","75.2","0","54.0","0",,,,,,,,
"USW00003969","STEPHENVILLE 9 NNE, TX US","32.33624","-98.141","378.0","1946",,,,,,,,,"        18"," ",,,,,,,,,,,,,,,,,,
"USW00003969","STEPHENVILLE 9 NNE, TX US","32.33624","-98.141","378.0","1947",,,"        52","0","       110","0","         4"," ","        10"," ",,,"24.91"," ,0","64.2","0","75.6","0","52.9","0",,,,,,,,
"USW00003969","STEPHENVILLE 9 NNE, TX US","32.33624","-98.141","378.0","1948",,,"        56","0","        93","0","        22"," ","         7"," ",,,"19.98"," ,0","64.8","0","76.5","0","53.0","0",,,,,,,,
"USW00003969","STEPHENVILLE 9 NNE, TX US","32.33624","-98.141","378.0","1949",,,"        38","0","        90","0","        13"," ","         8"," ",,,"41.62"," ,0","64.2","0","75.8","0","52.5","0",,,,,,,,
"USW00003969","STEPHENVILLE 9 NNE, TX US","32.33624","-98.141","378.0","1950",,,"        46","0","        69","0","         8"," ","         2"," ",,,"25.62"," ,0","65.2","0","77.3","0","53.1","0",,,,,,,,
"USW00003969","STEPHENVILLE 9 NNE, TX US","32.33624","-98.141","378.0","1951",,,"        56","0","       120","0","         9"," ","        11"," ",,,"17.98"," ,0","65.8","0","78.8","0","52.8","0",,,,,,,,
"USW00003969","STEPHENVILLE 9 NNE, TX US","32.33624","-98.141","378.0","1952",,,"        39","0","       112","0","         2"," ",,,,,"27.65"," ,0","65.5","0","78.5","0","52.6","0",,,,,,,,
"USW00003969","STEPHENVILLE 9 NNE, TX US","32.33624","-98.141","378.0","1953",,,"        30","0","       115","0","         1"," ","        16"," ",,,"19.09"," ,0","66.1","0","78.6","0","53.6","0",,,,,,,,
"USW00003969","STEPHENVILLE 9 NNE, TX US","32.33624","-98.141","378.0","1954",,,,,"       118","0",,,,,,,"18.06"," ,0",,,"78.7","0",,,,,,,,,,
"USW00003969","STEPHENVILLE 9 NNE, TX US","32.33624","-98.141","378.0","1955",,,"        63","0","        98","0","         2"," ",,,"86.0","0","21.41"," ,0","64.3","0","76.0","0","52.7","0",,,,,,,,
"USW00003969","STEPHENVILLE 9 NNE, TX US","32.33624","-98.141","378.0","1956",,,"        55","0","       133","0","         8"," ","         1"," ",,,"27.91"," ,0","65.5","0","78.0","0","53.0","0",,,,,,,,
"USW00003969","STEPHENVILLE 9 NNE, TX US","32.33624","-98.141","378.0","1957",,,"        48","0","        87","0",,,,,"72.4","0","43.19"," ,0","62.5","0","73.2","0","51.9","0",,,,,,,,
"USW00003969","STEPHENVILLE 9 NNE, TX US","32.33624","-98.141","378.0","1959",,,,,,,,,,,,,,,,,,,,,,,,,,,,
"USW00003969","STEPHENVILLE 9 NNE, TX US","32.33624","-98.141","378.0","1961",,,"        56","0","        36","0",,,,,,,"38.42"," ,0","60.3","0","71.1","0","49.6","0",,,,,,,,
"USW00003969","STEPHENVILLE 9 NNE, TX US","32.33624","-98.141","378.0","1962",,,"        57","0","        83","0",,,,,,,"32.91"," ,0","62.8","0","75.0","0","50.6","0",,,,,,,,
"USW00003969","STEPHENVILLE 9 NNE, TX US","32.33624","-98.141","378.0","1963",,,"        75","0","       115","0",,,,,,,,,"64.1","0","76.6","0","51.6","0",,,,,,,,
"USW00003969","STEPHENVILLE 9 NNE, TX US","32.33624","-98.141","378.0","1974",,,"        48","0","        83","0",,,,,,,"26.17"," ,0","63.6","0","75.3","0","51.9","0",,,,,,,,
"USW00003969","STEPHENVILLE 9 NNE, TX US","32.33624","-98.141","378.0","1975",,,"        59","0","        82","0",,,,,,,"20.71"," ,0","63.1","0","75.2","0","51.0","0",,,,,,,,
"USW00003969","STEPHENVILLE 9 NNE, TX US","32.33624","-98.141","378.0","1977",,,"        49","0","       116","0",,,,,,,"21.62"," ,0","65.5","0","77.5","0","53.5","0",,,,,,,,
"USW00003969","STEPHENVILLE 9 NNE, TX US","32.33624","-98.141","378.0","1978",,,,,,,,,,,,,,,,,,,,,,,,,,,,
"USW00003969","STEPHENVILLE 9 NNE, TX US","32.33624","-98.141","378.0","1980",,,"        50","0","       116","0",,,,,,,,,"65.4","0","78.5","0","52.3","0",,,,,,,,
"USW00003969","STEPHENVILLE 9 NNE, TX US","32.33624","-98.141","378.0","1981",,,"        41","0","       101","0",,,,,,,"26.87"," ,0","65.1","0","77.2","0","53.0","0",,,,,,,,
"USW00003969","STEPHENVILLE 9 NNE, TX US","32.33624","-98.141","378.0","1982",,,"        54","0","        95","0",,,,,,,"34.08"," ,0","64.3","0","76.7","0","51.9","0",,,,,,,,
"USW00003969","STEPHENVILLE 9 NNE, TX US","32.33624","-98.141","378.0","1983",,,"        63","0","        74","0","        24"," ","         1"," ",,,"20.18"," ,0","62.4","0","74.0","0","50.8","0",,,,,,,,
"USW00003969","STEPHENVILLE 9 NNE, TX US","32.33624","-98.141","378.0","1984","8.3","X","        41","0","       106","0","        95"," ","        47"," ",,,"27.28"," ,0","64.3","0","75.8","0","52.7","0",,,,,,,,
"USW00003969","STEPHENVILLE 9 NNE, TX US","32.33624","-98.141","378.0","1985","8.1","X","        57","0","        81","0","        98"," ","        48"," ",,,"28.35"," ,0","63.2","0","74.0","0","52.5","0",,,,,,,,
"USW00003969","STEPHENVILLE 9 NNE, TX US","32.33624","-98.141","378.0","1986","8.1","X","        44","0","        69","0","       101"," ","        56"," ",,,"32.72"," ,0","64.7","0","75.4","0","54.0","0",,,,,,,,
"USW00003969","STEPHENVILLE 9 NNE, TX US","32.33624","-98.141","378.0","1987","8.3","X","        50","0","        74","0","        94"," ","        57"," ",,,"29.13"," ,0","63.1","0","74.7","0","51.5","0",,,,,,,,
"USW00003969","STEPHENVILLE 9 NNE, TX US","32.33624","-98.141","378.0","1988","8.5","X","        61","0","        86","0","        81"," ","        46"," ",,,"20.57"," ,0","63.4","0","76.1","0","50.7","0",,,,,,,,
"USW00003969","STEPHENVILLE 9 NNE, TX US","32.33624","-98.141","378.0","1989","8.9","X","        60","0","        64","0","       119"," ","        45"," ",,,"36.02"," ,0","62.1","0","73.8","0","50.4","0",,,,,,,,
"USW00003969","STEPHENVILLE 9 NNE, TX US","32.33624","-98.141","378.0","1990","8.3","X","        36","0","        77","0","       108"," ","        63"," ",,,"39.26"," ,0","63.9","0","75.2","0","52.6","0",,,"       170","X","32.0","X",,
"USW00003969","STEPHENVILLE 9 NNE, TX US","32.33624","-98.141","378.0","1991","7.6","X","        45","0","        62","0","       138"," ","        62"," ",,,"46.28"," ,0","63.3","0","74.3","0","52.3","0",,,"       190","X","28.0","X",,
"USW00003969","STEPHENVILLE 9 NNE, TX US","32.33624","-98.141","378.0","1992","7.6","X","        33","0","        58","0","       154"," ","        63"," ",,,"34.24"," ,0","63.0","0","74.0","0","51.9","0",,,"       330","X","28.0","X",,
"USW00003969","STEPHENVILLE 9 NNE, TX US","32.33624","-98.141","378.0","1993","8.1","X","        53","0","        85","0","       123"," ","        43"," ",,,"29.04"," ,0","62.2","0","73.6","0","50.9","0",,,"       320","X","23.9","X",,
"USW00003969","STEPHENVILLE 9 NNE, TX US","32.33624","-98.141","378.0","1994",,,,,,,"        22"," ","         4"," ",,,,,,,,,,,,,,,,,,
"USW00003969","STEPHENVILLE 9 NNE, TX US","32.33624","-98.141","378.0","1995",,,"        53","0","        82","0",,,,,,,"34.68"," ,0","63.4","0","75.5","0","51.4","0",,,,,,,,
"USW00003969","STEPHENVILLE 9 NNE, TX US","32.33624","-98.141","378.0","1996",,,"        63","0","        88","0",,,,,,,"33.29"," ,0","63.6","0","76.2","0","51.0","0",,,,,,,,
"USW00003969","STEPHENVILLE 9 NNE, TX US","32.33624","-98.141","378.0","1997",,,"        58","0","        93","0",,,,,,,"39.98"," ,0","62.5","0","73.8","0","51.2","0",,,,,,,,
"USW00003969","STEPHENVILLE 9 NNE, TX US","32.33624","-98.141","378.0","1998",,,"        44","0","       122","0",,,,,,,"32.46"," ,0","65.5","0","77.4","0","53.5","0",,,,,,,,
"USW00003969","STEPHENVILLE 9 NNE, TX US","32.33624","-98.141","378.0","1999",,,"        43","0","       104","0",,,,,,,"17.76"," ,0","65.5","0","78.7","0","52.3","0",,,,,,,,
"USW00003969","STEPHENVILLE 9 NNE, TX US","32.33624","-98.141","378.0","2000",,,"        51","0","       113","0",,,,,,,"27.33"," ,0","65.2","0","77.2","0","53.3","0",,,,,,,,
"USW00003969","STEPHENVILLE 9 NNE, TX US","32.33624","-98.141","378.0","2001",,,"        54","0","        86","0",,,,,,,"28.71"," ,0","64.0","0","75.4","0","52.6","0",,,,,,,,
"USW00003969","STEPHENVILLE 9 NNE, TX US","32.33624","-98.141","378.0","2002",,,"        59","0","        94","0",,,,,,,"35.21"," ,0","63.1","0","74.7","0","51.4","0",,,,,,,,
"USW00003969","STEPHENVILLE 9 NNE, TX US","32.33624","-98.141","378.0","2003",,,"        58","0","        79","0",,,,,,,"27.64"," ,0","63.8","0","75.9","0","51.7","0",,,,,,,,
"USW00003969","STEPHENVILLE 9 NNE, TX US","32.33624","-98.141","378.0","2004",,,"        50","0","        80","0",,,,,,,"42.06"," ,0","64.2","0","75.5","0","53.0","0",,,,,,,,
"USW00003969","STEPHENVILLE 9 NNE, TX US","32.33624","-98.141","378.0","2005",,,"        47","0","       122","0",,,,,,,"18.01"," ,0","64.7","0","77.4","0","52.0","0",,,,,,,,
"USW00003969","STEPHENVILLE 9 NNE, TX US","32.33624","-98.141","378.0","2006",,,"        42","0","       115","0",,,,,,,"25.94"," ,0","66.3","0","79.3","0","53.2","0",,,,,,,,
"USW00003969","STEPHENVILLE 9 NNE, TX US","32.33624","-98.141","378.0","2007",,,"        66","0","        60","0",,,,,,,"39.16"," ,0","63.2","0","74.4","0","51.9","0",,,,,,,,
"USW00003969","STEPHENVILLE 9 NNE, TX US","32.33624","-98.141","378.0","2008",,,,,,,,,,,,,,,,,,,,,,,,,,,,
"USW00003969","STEPHENVILLE 9 NNE, TX US","32.33624","-98.141","378.0","2011",,,"        75","7","       136","7",,,,,,,"22.74"," ,7","65.4","7","79.4","7","51.4","7",,,,,,,,
"USW00003969","STEPHENVILLE 9 NNE, TX US","32.33624","-98.141","378.0","2012",,,"        58","7","       108","7",,,,,,,"30.02"," ,7","65.7","7","78.9","7","52.4","7",,,,,,,,
"USW00003969","STEPHENVILLE 9 NNE, TX US","32.33624","-98.141","378.0","2013",,,,,,,,,,,,,"32.52"," ,7",,,,,,,,,,,,,,
"USW00003969","STEPHENVILLE 9 NNE, TX US","32.33624","-98.141","378.0","2014",,,"        71","7","        80","7",,,,,,,"24.63"," ,7","62.7","7","75.4","7","50.1","7",,,,,,,,
"USW00003969","STEPHENVILLE 9 NNE, TX US","32.33624","-98.141","378.0","2015",,,"        66","7","        96","7",,,,,,,"61.68"," ,7","63.9","7","75.7","7","52.2","7",,,,,,,,
"USW00003969","STEPHENVILLE 9 NNE, TX US","32.33624","-98.141","378.0","2019",,,"        35","7","       132","7",,,,,,,"27.63"," ,7","66.6","7","78.3","7","54.9","7",,,,,,,,
"USW00003969","STEPHENVILLE 9 NNE, TX US","32.33624","-98.141","378.0","2020",,,,,,,,,,,,,,,,,,,,,,,,,,,,
