STATION,DATE,LATITUDE,LONGITUDE,ELEVATION,NAME,AWND,AWND_ATTRIBUTES,CDSD,CDSD_ATTRIBUTES,CLDD,CLDD_ATTRIBUTES,DP01,DP01_ATTRIBUTES,DP10,DP10_ATTRIBUTES,DP1X,DP1X_ATTRIBUTES,DSND,DSND_ATTRIBUTES,DSNW,DSNW_ATTRIBUTES,DT00,DT00_ATTRIBUTES,DT32,DT32_ATTRIBUTES,DX32,DX32_ATTRIBUTES,DX70,DX70_ATTRIBUTES,DX90,DX90_ATTRIBUTES,DYFG,DYFG_ATTRIBUTES,DYHF,DYHF_ATTRIBUTES,DYTS,DYTS_ATTRIBUTES,EMNT,EMNT_ATTRIBUTES,EMSD,EMSD_ATTRIBUTES,EMSN,EMSN_ATTRIBUTES,EMXP,EMXP_ATTRIBUTES,EMXT,EMXT_ATTRIBUTES,FZF0,FZF0_ATTRIBUTES,FZF1,FZF1_ATTRIBUTES,FZF2,FZF2_ATTRIBUTES,FZF3,FZF3_ATTRIBUTES,FZF5,FZF5_ATTRIBUTES,FZF6,FZF6_ATTRIBUTES,FZF7,FZF7_ATTRIBUTES,FZF8,FZF8_ATTRIBUTES,HDSD,HDSD_ATTRIBUTES,HTDD,HTDD_ATTRIBUTES,PRCP,PRCP_ATTRIBUTES,SNOW,SNOW_ATTRIBUTES,TAVG,TAVG_ATTRIBUTES,TMAX,TMAX_ATTRIBUTES,TMIN,TMIN_ATTRIBUTES,WDF1,WDF1_ATTRIBUTES,WDF2,WDF2_ATTRIBUTES,WDF5,WDF5_ATTRIBUTES,WDFG,WDFG_ATTRIBUTES,WSF1,WSF1_ATTRIBUTES,WSF2,WSF2_ATTRIBUTES,WSF5,WSF5_ATTRIBUTES,WSFG,WSFG_ATTRIBUTES
USW00012841,1893,28.54528,-81.33306,32.9,"ORLANDO EXECUTIVE AIRPORT, FL US",,,,,,,,,,,,,,,,,,,,,,,,,,,,,,,3, ,,,,,,,,,,,,,,,,,,,,,,,,,,,,,,,,,,,,,,,,,,,,,,,,,,,,,,,,
USW00012841,1894,28.54528,-81.33306,32.9,"ORLANDO EXECUTIVE AIRPORT, FL US",,,1768.8,,1768.8,6,128,6,77,6,12,6,,,,,0,6,3,6,0,6,341,6,87,6,2, ,,,99, ,-7.8,"6,1228, ",,,,,66.8," ,6,1013, ",36.1,"6,0818,+",-7.8,"61,228",-7.8,"61,228",-7.8,"61,228",-7.8,"61,228",,,,,,,,,,,,,1167.1," ,6",,,22.51,6,28.26,6,16.77,6,,,,,,,,,,,,,,,,
USW00012841,1895,28.54528,-81.33306,32.9,"ORLANDO EXECUTIVE AIRPORT, FL US",,,1787.2,,1787.2,6,122,6,82,6,11,6,,,,,0,6,4,6,0,6,316,6,118,6,,,,,59, ,-7.2,"6,0207, ",,,,,65," ,6,1015, ",36.1,"6,0823,+",,,,,,,,,-0.6,"60,213",-5.6,"60,208",-5.6,"60,208",-7.2,"60,207",396.1,1,396.1,6,1074.3," ,6",,,21.97,6,27.85,6,16.08,6,,,,,,,,,,,,,,,,
USW00012841,1896,28.54528,-81.33306,32.9,"ORLANDO EXECUTIVE AIRPORT, FL US",,,1637.5,,1637.5,6,117,6,84,6,11,6,,,,,0,6,0,6,0,6,310,6,80,6,,,,,57, ,0.6,"6,0217,+",,,,,79.5," ,6,0701, ",36.1,"6,0804, ",,,,,,,,,,,,,,,,,419.1,1,419.1,6,1261.1," ,6",,,21.69,6,26.91,6,16.48,6,,,,,,,,,,,,,,,,
USW00012841,1897,28.54528,-81.33306,32.9,"ORLANDO EXECUTIVE AIRPORT, FL US",,,,,,,122,6,79,6,13,6,,,,,,,,,,,,,,,,,,,70, ,,,,,,,178.1," ,6,0920, ",,,,,,,,,,,,,,,,,,,,,,,1362.4," ,6",,,,,,,,,,,,,,,,,,,,,,,,
USW00012841,1898,28.54528,-81.33306,32.9,"ORLANDO EXECUTIVE AIRPORT, FL US",,,,,,,116,6,62,6,6,6,,,,,0,6,5,6,0,6,307,6,89,6,,,,,58, ,-5,"6,0102,+",,,,,78.2," ,6,0720, ",36.7,"6,0718, ",-2.2,"61,211",-2.2,"61,211",,,,,-1.1,"60,201",-5,"60,102",-5,"60,102",,,402.6,6,402.6,6,937.5," ,6",,,22.08,6,27.4,6,16.77,6,,,,,,,,,,,,,,,,
USW00012841,1899,28.54528,-81.33306,32.9,"ORLANDO EXECUTIVE AIRPORT, FL US",,,1818.8,,1818.8,6,127,6,72,6,18,6,,,,,0,6,3,6,0,6,316,6,86,6,,,,,65, ,-6.7,"6,0214, ",,,,,124.7," ,6,1004, ",36.1,"6,0809,+",,,,,,,,,-6.7,"60,214",-6.7,"60,214",-6.7,"60,214",-6.7,"60,214",,,,,1392.3," ,6",,,22.45,6,27.3,6,17.6,6,,,,,,,,,,,,,,,,
USW00012841,1900,28.54528,-81.33306,32.9,"ORLANDO EXECUTIVE AIRPORT, FL US",,,1743.4,,1743.4,6,141,6,92,6,20,6,,,,,0,6,4,6,0,6,298,6,56,6,2, ,,,73, ,-3.3,"6,0218, ",,,,,115.8," ,6,0715, ",37.2,"6,0821, ",,,,,,,,,-1.1,"60,219",-3.3,"60,218",,,,,369.6,6,369.6,6,1622.1," ,6",,,21.91,6,26.34,6,17.48,6,,,,,,,,,,,,,,,,
USW00012841,1901,28.54528,-81.33306,32.9,"ORLANDO EXECUTIVE AIRPORT, FL US",,,1563.2,,1563.2,6,132,6,84,6,13,6,,,,,0,6,5,6,0,6,293,6,61,6,1, ,,,65, ,-3.9,"6,1221, ",,,,,114," ,6,0927, ",33.9,"6,0713,+",0,"61,218",-3.9,"61,221",,,,,0,"60,225",,,,,,,415.1,1,415.1,6,1456.5," ,6",,,21.12,6,26.1,6,16.15,6,,,,,,,,,,,,,,,,
USW00012841,1902,28.54528,-81.33306,32.9,"ORLANDO EXECUTIVE AIRPORT, FL US",,,1872.1,,1872.1,6,100,6,71,6,14,6,,,,,0,6,3,6,0,6,305,6,83,6,3, ,,,53, ,-3.9,"6,1227, ",,,,,87.4," ,6,0614, ",37.2,"6,0822, ",-3.9,"61,227",-3.9,"61,227",,,,,-3.3,"60,114",-3.3,"60,114",,,,,560.3,3,560.3,6,1202," ,6",,,22.24,6,27.11,6,17.38,6,,,,,,,,,,,,,,,,
USW00012841,1903,28.54528,-81.33306,32.9,"ORLANDO EXECUTIVE AIRPORT, FL US",,,,,,,,,,,,,,,,,,,,,0,6,312,6,111,6,2, ,,,2, ,,,,,,,,,37.2,"6,0830,+",,,,,,,,,,,,,,,,,254,0,254,6,,,,,,,28.24,6,,,,,,,,,,,,,,,,,,
USW00012841,1905,28.54528,-81.33306,32.9,"ORLANDO EXECUTIVE AIRPORT, FL US",,,1685.1,,1685.1,6,143,6,120,6,21,6,,,,,0,6,5,6,0,6,326,6,96,6,11, ,,,9, ,-6.1,"6,0126, ",,,,,85.3," ,6,0617, ",37.2,"6,0730, ",,,,,,,,,-1.1,"60,129",-4.4,"60,128",-4.4,"60,128",,,,,,,1899.6," ,6",,,21.93,6,27.73,6,16.13,6,,,,,,,,,,,,,,,,
USW00012841,1906,28.54528,-81.33306,32.9,"ORLANDO EXECUTIVE AIRPORT, FL US",,,1794.7,,1794.7,6,86,6,77,6,9,6,,,,,0,6,5,6,0,6,326,6,124,6,7, ,,,7, ,-3.9,"6,1225, ",,,,,69.9," ,6,0522, ",36.7,"6,0628,+",0,"61,223",-3.3,"61,224",,,,,,,,,,,,,353.8,8,353.8,6,1141.5," ,6",,,22.18,6,27.99,6,16.38,6,,,,,,,,,,,,,,,,
USW00012841,1907,28.54528,-81.33306,32.9,"ORLANDO EXECUTIVE AIRPORT, FL US",,,1893.5,,1893.5,6,76,6,66,6,15,6,,,,,0,6,0,6,0,6,344,6,140,6,31, ,,,21, ,0.6,"6,1205, ",,,,,81.3," ,6,0601, ",37.8,"6,0613,+",,,,,,,,,,,,,,,,,259.1,1,259.1,6,1119.1," ,6",,,22.86,6,29.49,6,16.24,6,,,,,,,,,,,,,,,,
USW00012841,1908,28.54528,-81.33306,32.9,"ORLANDO EXECUTIVE AIRPORT, FL US",,,1881,,1881,6,95,6,89,6,16,6,,,,,0,6,2,6,0,6,335,6,126,6,15, ,,,6, ,-0.6,"6,0115, ",,,,,85.1," ,6,0925, ",37.8,"6,0717,+",,,,,,,,,0,"60,203",,,,,,,329.7,7,329.7,6,1260.9," ,6",,,22.7,6,28.89,6,16.5,6,,,,,,,,,,,,,,,,
USW00012841,1909,28.54528,-81.33306,32.9,"ORLANDO EXECUTIVE AIRPORT, FL US",,,1694.7,,1694.7,6,90,6,70,6,9,6,,,,,0,6,7,6,0,6,344,6,75,6,18, ,,,42, ,-6.1,"6,1231, ",,,,,104.1," ,6,0703, ",35.6,"6,0618, ",-2.8,"61,227",-2.8,"61,227",-6.1,"61,231",,,0,"60,204",-2.2,"60,201",,,,,199.7,7,199.7,6,981.5," ,6",,,22.16,6,28.1,6,16.22,6,,,,,,,,,,,,,,,,
USW00012841,1910,28.54528,-81.33306,32.9,"ORLANDO EXECUTIVE AIRPORT, FL US",,,1566.1,,1566.1,6,113,6,90,6,17,6,,,,,0,6,9,6,0,6,328,6,67,6,15, ,,,49, ,-2.8,"6,0101, ",,,,,203.7," ,6,1018, ",35.6,"6,0707,+",-1.1,"61,202",,,,,,,0,"60,206",-2.2,"60,123",,,,,380.4,4,380.4,6,1500.1," ,6",,,21.35,6,27.55,6,15.16,6,,,,,,,,,,,,,,,,
USW00012841,1911,28.54528,-81.33306,32.9,"ORLANDO EXECUTIVE AIRPORT, FL US",,,1944.7,,1944.7,6,97,6,73,6,8,6,,,,,0,6,3,6,0,6,343,6,97,6,16, ,,,57, ,-1.7,"6,0224, ",,,,,69.9," ,6,1128, ",36.1,"6,0913,+",,,,,,,,,-1.1,"60,225",,,,,,,330.5,5,330.5,6,991.2," ,6",,,23.24,6,29.01,6,17.48,6,,,,,,,,,,,,,,,,
USW00012841,1912,28.54528,-81.33306,32.9,"ORLANDO EXECUTIVE AIRPORT, FL US",,,1915.5,,1915.5,6,118,6,104,6,19,6,,,,,0,6,7,6,0,6,328,6,89,6,,,,,34, ,-2.2,"6,0209, ",,,,,66," ,6,0920, ",36.7,"6,0618, ",,,,,,,,,-0.6,"60,223",-2.2,"60,209",,,,,335.5,5,335.5,6,1687.9," ,6",,,22.61,6,27.83,6,17.4,6,,,,,,,,,,,,,,,,
USW00012841,1913,28.54528,-81.33306,32.9,"ORLANDO EXECUTIVE AIRPORT, FL US",,,1689.6,,1689.6,6,104,6,83,6,11,6,,,,,0,6,0,6,0,6,343,6,79,6,16, ,,,42, ,1.7,"6,1112,+",,,,,88.1," ,6,0919, ",35.6,"6,0718, ",,,,,,,,,,,,,,,,,178.6,6,178.6,6,1178.3," ,6",,,22.39,6,28.04,6,16.73,6,,,,,,,,,,,,,,,,
USW00012841,1914,28.54528,-81.33306,32.9,"ORLANDO EXECUTIVE AIRPORT, FL US",,,1763.7,,1763.7,6,124,6,82,6,16,6,,,,,0,6,1,6,0,6,319,6,111,6,1, ,,,53, ,-1.1,"6,1121, ",,,,,88.1," ,6,0124, ",37.8,"6,0727,+",-1.1,"61,121",,,,,,,,,,,,,,,371,0,371,6,1293.7," ,6",,,22.07,6,27.97,6,16.17,6,,,,,,,,,,,,,,,,
USW00012841,1915,28.54528,-81.33306,32.9,"ORLANDO EXECUTIVE AIRPORT, FL US",,,,,,,143,6,99,6,15,6,,,,,,,,,0,6,297,6,121,6,,,,,60, ,,,,,,,183.4," ,6,1014, ",37.2,"6,0824,+",,,,,,,,,,,,,,,,,,,,,1579.6," ,6",,,,,27.56,6,,,,,,,,,,,,,,,,,,
USW00012841,1916,28.54528,-81.33306,32.9,"ORLANDO EXECUTIVE AIRPORT, FL US",,,1916.2,,1916.2,6,128,6,77,6,16,6,,,,,0,6,2,6,0,6,341,6,121,6,1, ,,,29, ,-0.6,"6,1217, ",,,,,71.9," ,6,1115, ",38.3,"6,0818, ",-0.6,"61,217",,,,,,,0,"60,317",,,,,,,332.5,5,332.5,6,1232.5," ,6",,,22.79,6,29.06,6,16.52,6,,,,,,,,,,,,,,,,
USW00012841,1917,28.54528,-81.33306,32.9,"ORLANDO EXECUTIVE AIRPORT, FL US",,,1776.1,,1776.1,6,94,6,70,6,13,6,,,,,0,6,8,6,0,6,337,6,126,6,1, ,,,5, ,-5.6,"6,0204, ",,,,,74.2," ,6,0508, ",37.2,"6,0905, ",-1.7,"61,125",-2.2,"61,210",,,,,-0.6,"60,207",-2.2,"60,206",-5.6,"60,204",,,260.9,9,260.9,6,1214.8," ,6",,,22.3,6,29.17,6,15.43,6,,,,,,,,,,,,,,,,
USW00012841,1918,28.54528,-81.33306,32.9,"ORLANDO EXECUTIVE AIRPORT, FL US",,,1891.4,,1891.4,6,139,6,89,6,17,6,,,,,0,6,7,6,0,6,335,6,128,6,1, ,,,11, ,-3.3,"6,0105,+",,,,,70.1," ,6,0729, ",38.3,"6,0816, ",,,,,,,,,-0.6,"60,124",-3.3,"60,105",,,,,383.5,5,383.5,6,1430.7," ,6",,,22.58,6,29.15,6,16.01,6,,,,,,,,,,,,,,,,
USW00012841,1919,28.54528,-81.33306,32.9,"ORLANDO EXECUTIVE AIRPORT, FL US",,,1912.6,,1912.6,6,143,6,97,6,15,6,,,,,0,6,1,6,0,6,337,6,152,6,6, ,,,17, ,-2.2,"6,0106, ",,,,,68.3," ,6,0517, ",36.7,"6,1008,+",,,,,,,,,-2.2,"60,106",-2.2,"60,106",,,,,317.7,7,317.7,6,1454.2," ,6",,,22.76,6,29.47,6,16.05,6,,,,,,,,,,,,,,,,
USW00012841,1920,28.54528,-81.33306,32.9,"ORLANDO EXECUTIVE AIRPORT, FL US",,,1745.3,,1745.3,6,121,6,86,6,18,6,,,,,0,6,6,6,0,6,336,6,130,6,9, ,,,5, ,-2.2,"6,0302, ",,,,,88.9," ,6,0916, ",37.2,"6,0915, ",,,,,,,,,-1.7,"60,307",-2.2,"60,302",,,,,365,0,365,6,1527.8," ,6",,,21.97,6,28.81,6,15.12,6,,,,,,,,,,,,,,,,
USW00012841,1921,28.54528,-81.33306,32.9,"ORLANDO EXECUTIVE AIRPORT, FL US",,,1977.8,,1977.8,6,115,6,67,6,16,6,,,,,0,6,0,6,0,6,355,6,147,6,1, ,,,22, ,1.1,"6,0116, ",,,,,113," ,6,1026, ",39.4,"6,0908, ",,,,,,,,,,,,,,,,,246,0,246,6,1210.2," ,6",,,23.25,6,30.32,6,16.19,6,,,,,,,,,,,,,,,,
USW00012841,1922,28.54528,-81.33306,32.9,"ORLANDO EXECUTIVE AIRPORT, FL US",,,2106.7,,2106.7,6,124,6,90,6,15,6,,,,,0,6,2,6,0,6,343,6,151,6,,,,,1, ,-1.1,"6,0115,+",,,,,61.7," ,6,0806, ",38.3,"6,0801, ",,,,,,,,,-1.1,"60,115",,,,,,,206,0,206,6,1303.4," ,6",,,23.46,6,29.95,6,16.97,6,,,,,,,,,,,,,,,,
USW00012841,1923,28.54528,-81.33306,32.9,"ORLANDO EXECUTIVE AIRPORT, FL US",,,1900.4,,1900.4,6,132,6,92,6,14,6,,,,,0,6,1,6,0,6,352,6,132,6,,,,,,,0,"6,0219, ",,,,,74.4," ,6,0617, ",37.2,"6,0424, ",,,,,,,,,0,"60,219",,,,,,,225.1,1,225.1,6,1313.5," ,6",,,22.85,6,29.55,6,16.14,6,,,,,,,,,,,,,,,,
USW00012841,1924,28.54528,-81.33306,32.9,"ORLANDO EXECUTIVE AIRPORT, FL US",,,1856,,1856,6,138,6,96,6,21,6,,,,,0,6,2,6,0,6,326,6,126,6,1, ,,,,,-0.6,"6,0209, ",,,,,89.9," ,6,0227, ",37.2,"6,0623,+",0,"61,130",,,,,,,-0.6,"60,209",,,,,,,357.7,7,357.7,6,1686.3," ,6",,,22.43,6,28.74,6,16.13,6,,,,,,,,,,,,,,,,
USW00012841,1925,28.54528,-81.33306,32.9,"ORLANDO EXECUTIVE AIRPORT, FL US",,,1818.8,,1818.8,6,130,6,88,6,11,6,,,,,0,6,2,6,0,6,328,6,130,6,1, ,,,3, ,0,"6,1229,+",,,,,108," ,6,1201, ",37.2,"6,0821, ",0,"61,229",,,,,,,0,"60,213",,,,,,,205.8,8,205.8,6,1316.9," ,6",,,22.43,6,28.62,6,16.24,6,,,,,,,,,,,,,,,,
USW00012841,1926,28.54528,-81.33306,32.9,"ORLANDO EXECUTIVE AIRPORT, FL US",,,1663.9,,1663.9,6,141,6,85,6,16,6,,,,,0,6,6,6,0,6,320,6,124,6,,,,,1, ,-1.7,"6,1231,+",,,,,77.7," ,6,0330, ",35.6,"6,1005,+",-1.7,"61,231",,,,,,,0,"60,314",,,,,,,516.5,5,516.5,6,1397.1," ,6",,,21.69,6,28.1,6,15.28,6,,,,,,,,,,,,,,,,
USW00012841,1927,28.54528,-81.33306,32.9,"ORLANDO EXECUTIVE AIRPORT, FL US",,,1941.8,,1941.8,6,115,6,62,6,8,6,,,,,0,6,6,6,0,6,338,6,128,6,1, ,,,,,-3.9,"6,0116,+",,,,,54.9," ,6,0727, ",38.3,"6,0606, ",0,"61,220",,,,,,,-3.9,"60,116",-3.9,"60,116",,,,,280.6,6,280.6,6,860.2," ,6",,,22.79,6,29.07,6,16.51,6,,,,,,,,,,,,,,,,
USW00012841,1928,28.54528,-81.33306,32.9,"ORLANDO EXECUTIVE AIRPORT, FL US",,,1826.5,,1826.5,6,117,6,77,6,16,6,,,,,0,6,5,6,0,6,330,6,115,6,,,,,,,-4.4,"6,0103, ",,,,,124," ,6,0809, ",36.7,"6,0730, ",-1.1,"61,210",,,,,,,-0.6,"60,219",-2.2,"60,104",-4.4,"60,103",,,373.7,7,373.7,6,1432.1," ,6",,,22.22,6,28.32,6,16.11,6,,,,,,,,,,,,,,,,
USW00012841,1929,28.54528,-81.33306,32.9,"ORLANDO EXECUTIVE AIRPORT, FL US",,,2028,,2028,6,135,6,88,6,20,6,,,,,0,6,4,6,0,6,341,6,141,6,,,,,,,-1.1,"6,1225,+",,,,,78.7," ,6,0506, ",37.2,"6,0817, ",0,"61,220",,,,,,,,,,,,,,,279.6,6,279.6,6,1459.3," ,6",,,23.18,6,29.5,6,16.85,6,,,,,,,,,,,,,,,,
USW00012841,1930,28.54528,-81.33306,32.9,"ORLANDO EXECUTIVE AIRPORT, FL US",,,1532,,1532,6,140,6,95,6,15,6,,,,,0,6,2,6,0,6,317,6,68,6,,,,,,,-2.2,"6,1224, ",,,,,113.8," ,6,0329, ",36.1,"6,0518, ",-0.6,"61,128",-2.2,"61,224",,,,,,,,,,,,,302.7,7,302.7,6,1557.3," ,6",,,21.4,6,27.19,6,15.61,6,,,,,,,,,,,,,,,,
USW00012841,1931,28.54528,-81.33306,32.9,"ORLANDO EXECUTIVE AIRPORT, FL US",,,1586.6,,1586.6,6,126,6,83,6,8,6,,,,,0,6,2,6,0,6,327,6,85,6,8, ,,,,,-1.1,"6,0115, ",,,,,57.9," ,6,0720, ",36.7,"6,0808,+",,,,,,,,,-0.6,"60,122",,,,,,,595.1,1,595.1,6,1070.7," ,6",,,21.61,6,27.75,6,15.48,6,,,,,,,,,,,,,,,,
USW00012841,1932,28.54528,-81.33306,32.9,"ORLANDO EXECUTIVE AIRPORT, FL US",,,1760.1,,1760.1,6,117,6,73,6,9,6,,,,,0,6,4,6,0,6,341,6,92,6,13, ,,,,,-2.8,"6,0314, ",,,,,112.8," ,6,0529, ",37.8,"6,0716, ",0,"61,201",,,,,,,-1.1,"60,316",-2.8,"60,314",,,,,162.8,8,162.8,6,1014.1," ,6",,,22.41,6,28.77,6,16.05,6,,,,,,,,,,,,,,,,
USW00012841,1933,28.54528,-81.33306,32.9,"ORLANDO EXECUTIVE AIRPORT, FL US",,,1759.3,,1759.3,6,119,6,79,6,16,6,,,,,0,6,0,6,0,6,345,6,118,6,1, ,,,,,1.1,"6,0304, ",,,,,196.1," ,6,0905, ",36.7,"6,0918,+",,,,,,,,,,,,,,,,,259.6,6,259.6,6,1458.6," ,6",,,22.48,6,29,6,15.97,6,,,,,,,,,,,,,,,,
USW00012841,1934,28.54528,-81.33306,32.9,"ORLANDO EXECUTIVE AIRPORT, FL US",,,1731.5,,1731.5,6,112,6,76,6,15,6,,,,,0,6,5,6,0,6,339,6,122,6,,,,,,,-5.6,"6,1212, ",,,,,72.6," ,6,0615, ",36.7,"6,0824,+",-1.7,"61,209",-5.6,"61,212",-5.6,"61,212",,,0,"60,130",,,,,,,315.2,2,315.2,6,1276.7," ,6",,,22.06,6,28.73,6,15.38,6,,,,,,,,,,,,,,,,
USW00012841,1935,28.54528,-81.33306,32.9,"ORLANDO EXECUTIVE AIRPORT, FL US",,,1790.4,,1790.4,6,120,6,77,6,13,6,,,,,0,6,12,6,0,6,317,6,130,6,,,,,,,-4.4,"6,1227, ",,,,,91.7," ,6,0922, ",37.2,"6,0803, ",0,"61,203",-2.8,"61,221",-4.4,"61,227",,,-1.7,"60,228",,,,,,,359.3,3,359.3,6,1250.1," ,6",,,21.88,6,28.63,6,15.12,6,,,,,,,,,,,,,,,,
USW00012841,1936,28.54528,-81.33306,32.9,"ORLANDO EXECUTIVE AIRPORT, FL US",,,1566.8,,1566.8,6,123,6,83,6,18,6,,,,,0,6,8,6,0,6,301,6,123,6,,,,,,,-2.2,"6,0201, ",,,,,67.3," ,6,0615, ",38.3,"6,0728, ",0,"61,128",,,,,,,0,"60,212",-2.2,"60,201",,,,,606.5,5,606.5,6,1326.1," ,6",,,21.26,6,27.44,6,15.07,6,,,,,,,,,,,,,,,,
USW00012841,1937,28.54528,-81.33306,32.9,"ORLANDO EXECUTIVE AIRPORT, FL US",,,1692.8,,1692.8,6,141,6,92,6,17,6,,,,,0,6,6,6,0,6,330,6,120,6,,,,,,,-3.9,"6,1208,+",,,,,68.1," ,6,0831, ",36.7,"6,0716,+",-1.1,"61,121",-3.9,"61,207",,,,,-0.6,"60,206",,,,,,,275.2,2,275.2,6,1501.4," ,6",,,21.97,6,28.41,6,15.54,6,,,,,,,,,,,,,,,,
USW00012841,1938,28.54528,-81.33306,32.9,"ORLANDO EXECUTIVE AIRPORT, FL US",,,1604.3,,1604.3,6,111,6,69,6,10,6,,,,,0,6,6,6,0,6,333,6,116,6,,,,,,,-2.2,"6,0129,+",,,,,55.9," ,6,0527, ",37.8,"6,0819, ",-0.6,"61,128",,,,,,,0,"60,226",-2.2,"60,129",,,,,381.9,9,381.9,6,878," ,6",,,21.74,6,28.84,6,14.64,6,,,,,,,,,,,,,,,,
USW00012841,1939,28.54528,-81.33306,32.9,"ORLANDO EXECUTIVE AIRPORT, FL US",,,1789.7,,1789.7,6,110,6,80,6,19,6,,,,,0,6,6,6,0,6,338,6,105,6,,,,,,,-1.7,"6,0120, ",,,,,77.2," ,6,0615, ",37.2,"6,0623, ",-1.1,"61,231",,,,,,,0,"60,224",,,,,,,343.7,7,343.7,6,1331.5," ,6",,,22.37,6,28.82,6,15.92,6,,,,,,,,,,,,,,,,
USW00012841,1942,28.54528,-81.33306,32.9,"ORLANDO EXECUTIVE AIRPORT, FL US",,,,,,,,,,,,,,,,,,,,,,,,,,,,,,,2, ,,,,,,,,,,,,,,,,,,,,,,,,,,,,,,,,,,,,,,,,,,,,,,,,,,,,,,,,
USW00012841,1943,28.54528,-81.33306,32.9,"ORLANDO EXECUTIVE AIRPORT, FL US",,,1793.6,,1793.6,6,105,6,68,6,11,6,,,,,0,6,2,6,0,6,325,6,101,6,,,,,72, ,-2.2,"6,0215, ",,,,,57.2," ,6,0918, ",37.2,"6,0813, ",,,,,,,,,-0.6,"60,304",-2.2,"60,215",,,,,,,,,1007," ,6",,,22.18,6,27.98,6,16.38,6,,,,,,,,,,,,,,,,
USW00012841,1944,28.54528,-81.33306,32.9,"ORLANDO EXECUTIVE AIRPORT, FL US",,,1887.4,,1887.4,6,114,6,80,6,11,6,,,,,0,6,1,6,0,6,325,6,135,6,114, ,,,85, ,-1.1,"6,1215, ",,,,,141.5," ,6,1018, ",37.8,"6,0624, ",-1.1,"61,215",,,,,,,,,,,,,,,318.8,8,318.8,6,1241.2," ,6",,,22.57,6,28.58,6,16.55,6,,,,,,,,,,,,,,,,
USW00012841,1945,28.54528,-81.33306,32.9,"ORLANDO EXECUTIVE AIRPORT, FL US",,,1964.9,,1964.9,6,110,6,73,6,12,6,,,,,0,6,1,6,0,6,331,6,124,6,151, ,,,72, ,0,"6,1125, ",,,,,214.1," ,6,0916, ",38.9,"6,0531, ",0,"61,125",,,,,,,,,,,,,,,305.7,7,305.7,6,1421.9," ,6",,,22.86,6,28.89,6,16.83,6,,,,,,,,,,,,,,,,
USW00012841,1946,28.54528,-81.33306,32.9,"ORLANDO EXECUTIVE AIRPORT, FL US",,,1983,,1983,6,117,6,74,6,14,6,,,,,0,6,0,6,0,6,351,6,108,6,123, ,,,87, ,2.2,"6,0126, ",,,,,88.6," ,6,0813, ",36.1,"6,0813, ",,,,,,,,,,,,,,,,,298.5,5,298.5,6,1274," ,6",,,23.31,6,29.18,6,17.43,6,,,,,,,,,,,,,,,,
USW00012841,1947,28.54528,-81.33306,32.9,"ORLANDO EXECUTIVE AIRPORT, FL US",,,1895.8,,1895.8,6,148,6,95,6,19,6,,,,,0,6,5,6,0,6,323,6,91,6,110, ,,,109, ,-1.7,"6,0211,+",,,,,103.4," ,6,0703, ",35.6,"6,0903, ",,,,,,,,,0,"60,303",,,,,,,284.8,8,284.8,6,1714.3," ,6",,,22.54,6,28.04,6,17.04,6,,,,,,,,,,,,,,,,
USW00012841,1948,28.54528,-81.33306,32.9,"ORLANDO EXECUTIVE AIRPORT, FL US",,,2069.9,,2069.9,0,119,0,76,0,17,0,0,,0,0,0,0,1,0,0,0,339,0,120,0,110, ,,,98, ,-3.3,"0,0115, ",0," ,0,1231,+",0," ,0,1231,+",119.9," ,0,0922, ",37.2,"0,0625, ",,,,,,,,,-3.3,"X,0115",-3.3,"X,0115",,,,,230,0,230,0,1336," ,0",0," ,0",23.44,0,29.32,0,17.57,0,,,,,,,,,,,,,,,,
USW00012841,1949,28.54528,-81.33306,32.9,"ORLANDO EXECUTIVE AIRPORT, FL US",,,1959.9,,1959.9,0,118,0,70,0,13,0,0,,0,0,0,0,1,0,0,0,352,0,115,0,104, ,,,91, ,0,"0,0101, ",0," ,0,1231,+",0," ,0,1231,+",121.9," ,0,0827, ",37.2,"0,0729, ",,,,,,,,,0,"0,0101",,,,,,,107.4,4,107.4,0,1125," ,0",0," ,0",23.23,0,29.29,0,17.16,0,,,,,,,,,,,,,,,,
USW00012841,1950,28.54528,-81.33306,32.9,"ORLANDO EXECUTIVE AIRPORT, FL US",,,1854.8,,1854.8,0,104,0,75,0,12,0,0,,0,0,0,0,2,0,0,0,330,0,118,0,90, ,,,83, ,-1.7,"0,1126, ",0," ,0,1231,+",0,"T,0,0517,+",148.3," ,0,1017, ",37.8,"0,0626, ",-0.6,"0,1125",,,,,,,,,,,,,,,212,0,212,0,1422," ,0",0,"T,0",22.49,0,28.65,0,16.34,0,,,,,,,,,,,,,,,,
USW00012841,1951,28.54528,-81.33306,32.9,"ORLANDO EXECUTIVE AIRPORT, FL US",,,1769.9,,1769.9,0,115,0,77,0,19,0,0,,0,0,0,0,4,0,0,0,328,0,106,0,105, ,,,84, ,-1.1,"0,0109, ",0," ,0,1231,+",0,"T,0,0419, ",69.3," ,0,0916, ",35.6,"0,0811,+",,,,,,,,,-0.6,"0,0203",,,,,,,441.8,8,441.8,0,1471.5," ,0",0,"T,0",22.16,0,27.99,0,16.34,0,,,,,,,,,,,,,,,,
USW00012841,1952,28.54528,-81.33306,32.9,"ORLANDO EXECUTIVE AIRPORT, FL US",,,1743.1,,1743.1,0,115,0,74,0,9,0,0,,0,0,0,0,1,0,0,0,324,0,112,0,91, ,,,91, ,0,"0,1216, ",0," ,0,1231,+",0," ,0,1231,+",57.4," ,0,0315, ",37.2,"0,0612, ",0,"0,1216",,,,,,,,,,,,,,,312.9,9,312.9,0,1053.3," ,0",0," ,0",22.1,0,27.83,0,16.37,0,,,,,,,,,,,,,,,,
USW00012841,1953,28.54528,-81.33306,32.9,"ORLANDO EXECUTIVE AIRPORT, FL US",,,1835.6,,1835.6,0,136,0,97,0,21,0,0,,0,0,0,0,0,0,0,0,327,0,100,0,88, ,,,88, ,1.7,"0,1218,+",0," ,0,1231,+",0," ,0,1231,+",62.7," ,0,1124, ",37.2,"0,0527,+",,,,,,,,,,,,,,,,,339.7,7,339.7,0,1672.9," ,0",0," ,0",22.49,0,27.97,0,17.01,0,,,,,,,,,,,,,,,,
USW00012841,1954,28.54528,-81.33306,32.9,"ORLANDO EXECUTIVE AIRPORT, FL US",,,1739.1,,1739.1,0,116,0,81,0,12,0,0,,0,0,0,0,2,0,0,0,319,0,95,0,71, ,,,68, ,-1.1,"0,1221, ",0," ,0,1231,+",0," ,0,1231,+",83.6," ,0,1008, ",36.1,"0,0627,+",-0.6,"0,1220",,,,,,,,,,,,,,,351.1,1,351.1,0,1219.5," ,0",0," ,0",21.89,0,27.6,0,16.17,0,,,,,,,,,,,,,,,,
USW00012841,1955,28.54528,-81.33306,32.9,"ORLANDO EXECUTIVE AIRPORT, FL US",,,1736.6,,1736.6,0,110,0,71,0,12,0,0,,0,0,0,0,2,0,0,0,322,0,104,0,98, ,,,77, ,-0.6,"0,0213, ",0," ,0,1231,+",0,"T,0,1017,+",53.3," ,0,0907, ",35,"0,0818,+",,,,,,,,,-0.6,"0,0213",,,,,,,447.6,6,447.6,0,1073.9," ,0",0,"T,0",22.07,0,27.94,0,16.19,0,,,,,,,,,,,,,,,,
USW00012841,1956,28.54528,-81.33306,32.9,"ORLANDO EXECUTIVE AIRPORT, FL US",,,1745.6,,1745.6,0,102,0,68,0,14,0,0,,0,0,0,0,3,0,0,0,322,0,104,0,121, ,,,73, ,-0.6,"0,0109, ",0," ,0,1231,+",0," ,0,1231,+",88.4," ,0,1016, ",36.1,"0,0805,+",0,"0,1128",,,,,,,0,"0,0115",,,,,,,403.7,7,403.7,0,1115.6," ,0",0," ,0",21.96,0,28.1,0,15.82,0,,,,,,,,,,,,,,,,
USW00012841,1957,28.54528,-81.33306,32.9,"ORLANDO EXECUTIVE AIRPORT, FL US",,,1826.1,,1826.1,0,125,0,79,0,16,0,0,,0,0,0,0,4,0,0,0,338,0,93,0,102, ,,,80, ,-4.4,"0,1212, ",0," ,0,1231,+",0," ,0,1231,+",76.2," ,0,0823, ",36.1,"0,0710, ",0,"0,1201",-4.4,"0,1212",-4.4,"0,1212",,,,,,,,,,,254.2,2,254.2,0,1294.3," ,0",0," ,0",22.63,0,28.16,0,17.1,0,,,,,,,,,,,,,,,,
USW00012841,1958,28.54528,-81.33306,32.9,"ORLANDO EXECUTIVE AIRPORT, FL US",,,1759.3,,1759.3,0,124,0,88,0,11,0,0,,0,0,0,0,9,0,0,0,295,0,113,0,108, ,,,63, ,-2.8,"0,0109, ",0," ,0,1231,+",0,"T,0,0108, ",78," ,0,0723, ",36.1,"0,0801,+",,,,,,,,,0,"0,0219",-2.2,"0,0218",,,,,614.6,6,614.6,0,1300.6," ,0",0,"T,0",21.55,0,26.96,0,16.14,0,,,,,,,,,,,,,,,,
USW00012841,1959,28.54528,-81.33306,32.9,"ORLANDO EXECUTIVE AIRPORT, FL US",,,1838.4,,1838.4,0,134,0,93,0,19,0,0,,0,0,0,0,5,0,0,0,316,0,88,0,105, ,,,66, ,-2.2,"0,0117, ",0," ,0,1231,+",0," ,0,1231,+",84.6," ,0,0830, ",35.6,"0,0702, ",0,"0,1130",,,,,,,0,"0,0119",-2.2,"0,0117",,,,,317.5,5,317.5,0,1620," ,0",0," ,0",22.4,0,27.68,0,17.13,0,,,,,,,,,,,,,,,,
USW00012841,1960,28.54528,-81.33306,32.9,"ORLANDO EXECUTIVE AIRPORT, FL US",,,1812,,1812,0,123,0,82,0,21,0,0,,0,0,0,0,5,0,0,0,311,0,101,0,87, ,,,86, ,-1.1,"0,0123, ",0," ,0,1231,+",0," ,0,1231,+",208," ,0,0725, ",36.7,"0,0809,+",-0.6,"0,1213",,,,,,,0,"0,0124",,,,,,,433.5,5,433.5,0,1746.9," ,0",0," ,0",22.03,0,27.73,0,16.32,0,,,,,,,,,,,,,,,,
USW00012841,1961,28.54528,-81.33306,32.9,"ORLANDO EXECUTIVE AIRPORT, FL US",,,1899,,1899,0,84,0,56,0,13,0,0,,0,0,0,0,2,0,0,0,327,0,119,0,115, ,,,70, ,-1.7,"0,1230,+",0," ,0,1231,+",0," ,0,1231,+",105.4," ,0,0917, ",37.8,"0,0731,+",-1.7,"0,1230",,,,,,,-1.7,"0,0122",,,,,,,369.6,6,369.6,0,1061.5," ,0",0," ,0",22.65,0,28.64,0,16.65,0,,,,,,,,,,,,,,,,
USW00012841,1962,28.54528,-81.33306,32.9,"ORLANDO EXECUTIVE AIRPORT, FL US",,,1886.8,,1886.8,0,107,0,74,0,18,0,0,,0,0,0,0,5,0,0,0,317,0,127,0,113, ,,,79, ,-6.7,"0,1213, ",0," ,0,1231,+",0," ,0,1231,+",68.1," ,0,0713, ",37.8,"0,0527, ",0,"0,1211",-2.2,"0,1212",-6.7,"0,1213",-6.7,"0,1213",-0.6,"0,0113",,,,,,,300.5,5,300.5,0,1279.8," ,0",0," ,0",22.38,0,28.31,0,16.44,0,,,,,,,,,,,,,,,,
USW00012841,1963,28.54528,-81.33306,32.9,"ORLANDO EXECUTIVE AIRPORT, FL US",,,1889.1,,1889.1,0,115,0,76,0,11,0,0,,0,0,0,0,0,0,0,0,305,0,124,0,110, ,,,75, ,0.6,"0,1225, ",0," ,0,1231,+",0," ,0,1231,+",96.5," ,0,1110, ",36.7,"0,0810,+",,,,,,,,,,,,,,,,,476.1,1,476.1,0,1150.3," ,0",0," ,0",22.17,0,27.83,0,16.52,0,,,,,,,,,,,,,,,,
USW00012841,1964,28.54528,-81.33306,32.9,"ORLANDO EXECUTIVE AIRPORT, FL US",,,1859.8,,1859.8,0,108,0,79,0,13,0,0,,0,0,0,0,1,0,0,0,317,0,106,0,99, ,,,60, ,-2.8,"0,0114, ",0," ,0,1231,+",0,"T,0,0610, ",82.8," ,0,0910, ",36.1,"0,0617,+",,,,,,,,,-2.8,"0,0114",-2.8,"0,0114",,,,,471.9,9,471.9,0,1381.7," ,0",0,"T,0",22.49,0,27.89,0,17.08,0,,,,,,,,,,,,,,,,
USW00012841,1965,28.54528,-81.33306,32.9,"ORLANDO EXECUTIVE AIRPORT, FL US",,,1834.3,,1834.3,0,110,0,73,0,15,0,0,,0,0,0,0,2,0,0,0,330,0,90,0,120, ,36, ,70, ,-1.1,"0,0117, ",0," ,0,1231,+",0," ,0,1231,+",66.8," ,0,0719, ",34.4,"0,0827,+",,,,,,,,,-0.6,"0,0118",,,,,,,261.1,1,261.1,0,1204.3," ,0",0," ,0",22.58,0,27.9,0,17.26,0,280,X,,,,,,,14.3,X,,,,,,
USW00012841,1966,28.54528,-81.33306,32.9,"ORLANDO EXECUTIVE AIRPORT, FL US",,,1695.7,,1695.7,0,116,0,77,0,17,0,0,,0,0,0,0,2,0,0,0,314,0,65,0,84, ,16, ,76, ,-4.4,"0,0131, ",0," ,0,1231,+",0," ,0,1231,+",98.3," ,0,0630, ",33.9,"0,0904,+",,,,,,,,,-4.4,"0,0131",-4.4,"0,0131",-4.4,"0,0131",,,315.3,3,315.3,0,1404.8," ,0",0," ,0",21.91,0,27.02,0,16.81,0,100,X,,,,,,,14.3,X,,,,,,
USW00012841,1967,28.54528,-81.33306,32.9,"ORLANDO EXECUTIVE AIRPORT, FL US",,,1864.2,,1864.2,0,104,0,70,0,8,0,0,,0,0,0,0,2,0,0,0,342,0,113,0,107, ,29, ,76, ,-2.2,"0,0226, ",0," ,0,1231,+",0," ,0,1231,+",51.1," ,0,0912, ",36.1,"0,0712,+",,,,,,,,,-2.2,"0,0226",-2.2,"0,0226",,,,,311.2,2,311.2,0,1039.7," ,0",0," ,0",22.75,0,28.57,0,16.93,0,320,X,,,,,,,17.9,X,,,,,,
USW00012841,1968,28.54528,-81.33306,32.9,"ORLANDO EXECUTIVE AIRPORT, FL US",,,1676.7,,1676.7,0,106,0,73,0,12,0,0,,0,0,0,0,5,0,0,0,303,0,82,0,101, ,23, ,78, ,-1.7,"0,1216, ",0," ,0,1231,+",0," ,0,1231,+",153.7," ,0,0604, ",35.6,"0,0729,+",-1.7,"0,1216",,,,,,,-0.6,"0,0302",,,,,,,424.5,5,424.5,0,1323.5," ,0",0," ,0",21.32,0,27.01,0,15.64,0,260,X,,,,,,,20.6,X,,,,,,
USW00012841,1969,28.54528,-81.33306,32.9,"ORLANDO EXECUTIVE AIRPORT, FL US",,,1819.7,,1819.7,0,114,0,84,0,16,0,0,,0,0,0,0,0,0,0,0,301,0,94,0,97, ,21, ,77, ,0.6,"0,1115, ",0," ,0,1231,+",0," ,0,1231,+",69.9," ,0,1209, ",36.7,"0,0708, ",,,,,,,,,,,,,,,,,523.9,9,523.9,0,1402.3," ,0",0," ,0",21.96,0,27.27,0,16.66,0,240,X,,,,,,,20.6,X,,,,,,
USW00012841,1970,28.54528,-81.33306,32.9,"ORLANDO EXECUTIVE AIRPORT, FL US",,,1974.3,,1974.3,0,102,0,70,0,15,0,0,,0,0,0,0,7,0,0,0,316,0,121,0,95, ,22, ,62, ,-3.9,"0,0108, ",0," ,0,1231,+",0," ,0,1231,+",90.2," ,0,0203, ",36.1,"0,0622, ",-0.6,"0,1124",,,,,,,-2.2,"0,0204",-2.2,"0,0204",,,,,490.8,8,490.8,0,1117.1," ,0",0," ,0",22.51,0,27.99,0,17.04,0,320,X,,,,,,,28.6,X,,,,,,
USW00012841,1971,28.54528,-81.33306,32.9,"ORLANDO EXECUTIVE AIRPORT, FL US",,,2127.5,,2127.5,0,117,0,75,0,10,0,0,,0,0,0,0,3,0,0,0,339,0,137,0,93, ,33, ,88, ,-2.2,"0,0120, ",0," ,0,1231,+",0," ,0,1231,+",61.7," ,0,0515, ",35,"0,0808,+",,,,,,,,,0,"0,0210",-2.2,"0,0120",,,,,337.2,2,337.2,0,1018.6," ,0",0," ,0",23.45,0,29.16,0,17.74,0,260,X,,,,,,,13.9,X,,,,,,
USW00012841,1972,28.54528,-81.33306,32.9,"ORLANDO EXECUTIVE AIRPORT, FL US",,,2106.1,,2106.1,0,108,0,76,0,14,0,0,,0,0,0,0,0,0,0,0,333,0,101,0,102, ,32, ,68, ,2.8,"0,1217,+",0," ,0,1231,+",0," ,0,1231,+",109.5," ,0,0331, ",36.7,"0,0803,+",,,,,,,,,,,,,,,,,140.5,5,140.5,0,1304.6," ,0",0," ,0",23.49,0,28.72,0,18.26,0,290,X,,,,,225,X,16.5,X,,,,,24.7,X
USW00012841,1973,28.54528,-81.33306,32.9,"ORLANDO EXECUTIVE AIRPORT, FL US",,,2022.4,,2022.4,0,117,0,86,0,17,0,0,,0,0,0,0,2,0,0,0,329,0,113,0,102, ,27, ,85, ,-0.6,"0,1222, ",0," ,0,1231,+",0," ,0,1231,+",125," ,0,0926, ",37.2,"0,0529, ",0,"0,1218",,,,,,,,,,,,,,,293.7,7,293.7,0,1406.9," ,0",0," ,0",22.94,0,28.36,0,17.53,0,190,X,,,,,180,X,15.6,X,,,,,24.2,X
USW00012841,1974,28.54528,-81.33306,32.9,"ORLANDO EXECUTIVE AIRPORT, FL US",,,,,,,,,,,,,,,,,,,,,,,,,,,30, ,19, ,1, ,,,,,,,,,,,,,,,,,,,,,,,,,,,,,,,,,,,,,,,,,,,,,,,,,,,,,,,,
USW00012841,1999,28.54528,-81.33306,32.9,"ORLANDO EXECUTIVE AIRPORT, FL US",3.2,W,1907.3,,1907.3,W,146,W,75,W,16,W,,,,,0,W,1,W,0,W,334,W,95,W,,,,,,,0,"W,0106, ",,,,,68.3," ,W,0918, ",36.1,"W,0802,+",,,,,,,,,0,"W,0106",,,,,,,184.1,1,184.1,W,1231.9," ,W",,,22.91,W,28.14,W,17.68,W,,,20,W,10,W,,,,,16.1,W,19.7,W,,
USW00012841,2000,28.54528,-81.33306,32.9,"ORLANDO EXECUTIVE AIRPORT, FL US",3.3,W,1931.2,,1931.2,W,116,W,50,W,6,W,,,,,0,W,2,W,0,W,322,W,113,W,,,,,,,-2.8,"W,1220, ",,,,,61.7," ,W,0825, ",37.2,"W,0718,+",-2.8,"W,1220",-2.8,"W,1220",,,,,,,,,,,,,237.4,4,237.4,W,698.6," ,W",,,22.83,W,28.35,W,17.3,W,,,350,W,10,W,,,,,14.8,W,23.7,W,,
USW00012841,2001,28.54528,-81.33306,32.9,"ORLANDO EXECUTIVE AIRPORT, FL US",3.2,W,1873.9,,1873.9,W,162,W,76,W,16,W,,,,,0,W,2,W,0,W,327,W,90,W,,,,,,,-0.6,"W,0105, ",,,,,77.7," ,W,0914, ",35,"W,0825,+",,,,,,,,,-0.6,"W,0105",,,,,,,390.6,6,390.6,W,1369.9," ,W",,,22.77,W,27.87,W,17.67,W,,,310,W,240,W,,,,,17,W,23.2,W,,
USW00012841,2002,28.54528,-81.33306,32.9,"ORLANDO EXECUTIVE AIRPORT, FL US",3.1,W,2004.6,,2004.6,W,156,W,95,W,23,W,,,,,0,W,2,W,0,W,316,W,92,W,,,,,,,0,"W,0109,+",,,,,97.5," ,W,0828, ",36.1,"W,0717,+",,,,,,,,,0,"W,0109",,,,,,,245.7,7,245.7,W,1782.2," ,W",,,22.95,W,27.98,W,17.91,W,,,250,W,250,W,,,,,17.4,W,21,W,,
USW00012841,2003,28.54528,-81.33306,32.9,"ORLANDO EXECUTIVE AIRPORT, FL US",3.1,W,1982.1,,1982.1,W,146,W,91,W,9,W,,,,,0,W,1,W,0,W,316,W,86,W,,,,,,,-2.8,"W,0124, ",,,,,51.6," ,W,0430, ",35,"W,0709,+",,,,,,,,,-2.8,"W,0124",-2.8,"W,0124",,,,,384.1,1,384.1,W,1252.2," ,W",,,22.88,W,27.84,W,17.93,W,,,240,W,240,W,,,,,20.1,W,26.8,W,,
USW00012841,2004,28.54528,-81.33306,32.9,"ORLANDO EXECUTIVE AIRPORT, FL US",3.3,W,1843.9,,1843.9,W,120,W,74,W,14,W,,,,,0,W,0,W,0,W,313,W,97,W,,,,,,,2.8,"W,1215, ",,,,,82.6," ,W,0702, ",36.7,"W,0531, ",,,,,,,,,,,,,,,,,297.8,8,297.8,W,1289.8," ,W",,,22.84,W,27.88,W,17.79,W,,,130,W,120,W,,,,,29.5,W,38,W,,
USW00012841,2005,28.54528,-81.33306,32.9,"ORLANDO EXECUTIVE AIRPORT, FL US",3.2,B,1891.3,,1891.3,B,152,B,92,B,16,B,,,,,0,B,0,B,0,B,316,B,92,B,,,,,,,0.6,"B,0124, ",,,,,88.4," ,B,1024, ",35.6,"B,0817,+",,,,,,,,,,,,,,,,,276.9,9,276.9,B,1489.5," ,B",,,22.68,B,27.49,B,17.88,B,,,170,B,170,B,,,,,20.1,B,25,B,,
USW00012841,2006,28.54528,-81.33306,32.9,"ORLANDO EXECUTIVE AIRPORT, FL US",3.3,W,2048.3,,2048.3,W,97,W,58,W,14,W,,,,,0,W,0,W,0,W,334,W,126,W,138, ,16, ,46, ,1.7,"W,0214, ",,,,,58.9," ,W,0718, ",36.1,"W,0812,+",,,,,,,,,,,,,,,,,293.1,1,293.1,W,1049.4," ,W",,,23.23,W,28.48,W,17.98,W,,,210,W,200,W,,,,,16.1,W,19.2,W,,
USW00012841,2007,28.54528,-81.33306,32.9,"ORLANDO EXECUTIVE AIRPORT, FL US",3.2,W,2069.1,,2069.1,W,113,W,67,W,11,W,,,,,0,W,0,W,0,W,333,W,112,W,138, ,18, ,44, ,1.7,"W,0217, ",,,,,56.4," ,W,0831, ",36.7,"W,0814, ",,,,,,,,,,,,,,,,,245.5,5,245.5,W,979.6," ,W",,,23.44,W,28.5,W,18.37,W,,,310,W,230,W,,,,,17.9,W,23.3,W,,
USW00012841,2008,28.54528,-81.33306,32.9,"ORLANDO EXECUTIVE AIRPORT, FL US",3.2,W,1912.8,,1912.8,W,110,W,77,W,13,W,,,,,0,W,1,W,0,W,326,W,95,W,140, ,20, ,56, ,-0.5,"W,0103, ",,,,,80.3," ,W,0821, ",36.7,"W,0602, ",,,,,,,,,-0.5,"W,0103",,,,,,,180,0,180,W,1230.8," ,W",,,22.94,W,28.03,W,17.85,W,,,180,W,180,W,,,,,20.6,W,27.7,W,,
USW00012841,2009,28.54528,-81.33306,32.9,"ORLANDO EXECUTIVE AIRPORT, FL US",3,W,2037.9,,2037.9,W,118,W,80,W,17,W,,,,,0,W,3,W,0,W,321,W,119,W,146, ,19, ,65, ,-1,"W,0205, ",,,,,88.9," ,W,0604, ",37.2,"W,0622, ",,,,,,,,,-1,"W,0205",,,,,,,341.1,1,341.1,W,1447.5," ,W",,,23.06,W,28.28,W,17.83,W,,,100,W,100,W,,,,,21.5,W,26.4,W,,
USW00012841,2010,28.54528,-81.33306,32.9,"ORLANDO EXECUTIVE AIRPORT, FL US",3.1,W,1877,,1877,W,117,W,74,W,13,W,,,,,0,W,11,W,0,W,296,W,109,W,131, ,13, ,65, ,-2.1,"W,1214,+",,,,,74.9," ,W,0701, ",37.8,"W,0614, ",-2.1,"W,1214",,,,,,,-1.6,"W,0111",,,,,,,520.7,7,520.7,W,1248.1," ,W",,,21.64,W,26.91,W,16.37,W,,,210,W,200,W,,,,,17.4,W,21.9,W,,
USW00012841,2011,28.54528,-81.33306,32.9,"ORLANDO EXECUTIVE AIRPORT, FL US",3,W,2066,,2066,W,120,W,69,W,15,W,,,,,0,W,1,W,0,W,335,W,126,W,151, ,16, ,64, ,-0.5,"W,0113, ",,,,,142," ,W,1008, ",36.1,"W,0812,+",,,,,,,,,-0.5,"W,0113",,,,,,,402.5,5,402.5,W,1393.8," ,W",,,23.39,W,28.69,W,18.09,W,,,270,W,260,W,,,,,22.8,W,33.5,W,,
USW00012841,2012,28.54528,-81.33306,32.9,"ORLANDO EXECUTIVE AIRPORT, FL US",3.1,W,2068.6,,2068.6,W,116,W,77,W,13,W,0,,0,W,0,W,0,W,0,W,342,W,101,W,121, ,17, ,58, ,0.6,"W,0212, ",0," ,W,1231,+",0," ,W,1231,+",73.4," ,W,0830, ",35.6,"W,0814,+",,,,,,,,,,,,,,,,,151.3,3,151.3,W,1139.2," ,W",0," ,W",23.45,W,28.6,W,18.3,W,,,300,W,130,W,,,,,16.1,W,23.3,W,,
USW00012841,2013,28.54528,-81.33306,32.9,"ORLANDO EXECUTIVE AIRPORT, FL US",3.1,W,2006.2,,2006.2,W,126,W,71,W,15,W,0,,0,W,0,W,0,W,0,W,344,W,85,W,140, ,19, ,58, ,2.2,"W,0304, ",0," ,W,1231,+",0," ,W,1231,+",77.2," ,W,0502, ",35.6,"W,0811, ",,,,,,,,,,,,,,,,,232.8,8,232.8,W,1312.4," ,W",0," ,W",23.32,W,28.34,W,18.31,W,,,290,W,230,W,,,,,21,W,29.5,W,,
USW00012841,2014,28.54528,-81.33306,32.9,"ORLANDO EXECUTIVE AIRPORT, FL US",3,W,2019.3,,2019.3,W,149,W,88,W,13,W,0,,0,W,0,W,0,W,0,W,324,W,114,W,150, ,11, ,111, ,0.6,"W,0107, ",0," ,W,1231,+",0," ,W,1231,+",133.4," ,W,1125, ",37.2,"W,0824, ",,,,,,,,,,,,,,,,,236.6,6,236.6,W,1346.6," ,W",0," ,W",23.02,W,28.12,W,17.91,W,,,300,W,40,W,,,,,17.4,W,24.1,W,,
USW00012841,2015,28.54528,-81.33306,32.9,"ORLANDO EXECUTIVE AIRPORT, FL US",3.3,W,2376.7,,2376.7,W,126,W,79,W,15,W,0,,0,W,0,W,0,W,0,W,338,W,116,W,145, ,19, ,110, ,1.1,"W,0220, ",0," ,W,1231,+",0," ,W,1231,+",88.1," ,W,0112, ",36.7,"W,0619, ",,,,,,,,,,,,,,,,,275.1,1,275.1,W,1288.6," ,W",0," ,W",24.28,W,29.16,W,19.4,W,,,210,W,30,W,,,,,17,W,22.8,W,,
USW00012841,2016,28.54528,-81.33306,32.9,"ORLANDO EXECUTIVE AIRPORT, FL US",3.3,W,2251.1,,2251.1,W,125,W,83,W,20,W,0,,0,W,0,W,0,W,0,W,336,W,122,W,127, ,12, ,114, ,1.7,"W,0124, ",0," ,W,1231,+",0," ,W,1231,+",65.8," ,W,0804, ",36.7,"W,0708,+",,,,,,,,,,,,,,,,,175.6,6,175.6,W,1393.6," ,W",0," ,W",23.93,W,28.96,W,18.91,W,,,280,W,270,W,,,,,18.3,W,25.5,W,,
USW00012841,2017,28.54528,-81.33306,32.9,"ORLANDO EXECUTIVE AIRPORT, FL US",3.4,W,2233.9,,2233.9,W,115,W,68,W,12,W,0,,0,W,0,W,0,W,0,W,348,W,131,W,141, ,23, ,101, ,1.7,"W,0108, ",0," ,W,1231,+",0," ,W,1231,+",176.5," ,W,0910, ",35.6,"W,0831,+",,,,,,,,,,,,,,,,,111.2,2,111.2,W,1215.2," ,W",0," ,W",24.06,W,29.27,W,18.85,W,,,110,W,120,W,,,,,25,W,34.9,W,,
USW00012841,2018,28.54528,-81.33306,32.9,"ORLANDO EXECUTIVE AIRPORT, FL US",3.3,W,2263.6,,2263.6,W,136,W,85,W,14,W,0,,0,W,0,W,2,W,0,W,332,W,125,W,136, ,15, ,121, ,-2.1,"W,0118, ",0," ,W,1231,+",0," ,W,1231,+",97.5," ,W,0819, ",35.6,"W,0919,+",,,,,,,,,-2.1,"W,0118",,,,,,,223.8,8,223.8,W,1329," ,W",0," ,W",23.81,W,28.87,W,18.75,W,,,180,W,200,W,,,,,17.9,W,23.3,W,,
USW00012841,2019,28.54528,-81.33306,32.9,"ORLANDO EXECUTIVE AIRPORT, FL US",3.3,W,2318.1,,2318.1,W,132,W,84,W,17,W,0,,0,W,0,W,0,W,0,W,338,W,130,W,143, ,17, ,98, ,3.3,"W,0121, ",0," ,W,1231,+",0," ,W,1231,+",104.1," ,W,0814, ",36.7,"W,0703,+",,,,,,,,,,,,,,,,,225.5,5,225.5,W,1485.3," ,W",0," ,W",24.19,W,29.19,W,19.19,W,,,240,W,240,W,,,,,17.9,W,23.7,W,,
USW00012841,2020,28.54528,-81.33306,32.9,"ORLANDO EXECUTIVE AIRPORT, FL US",,,,,,,,,,,,,,,,,,,,,,,,,,,112, ,8, ,98, ,,,,,,,,,,,,,,,,,,,,,,,,,,,151.4,4,151.4,D,,,,,,,,,,,,,,,,,,,,,,,,,,
