STATION,DATE,LATITUDE,LONGITUDE,ELEVATION,NAME,AWND,AWND_ATTRIBUTES,CDSD,CDSD_ATTRIBUTES,CLDD,CLDD_ATTRIBUTES,DP01,DP01_ATTRIBUTES,DP10,DP10_ATTRIBUTES,DP1X,DP1X_ATTRIBUTES,DSND,DSND_ATTRIBUTES,DSNW,DSNW_ATTRIBUTES,DT00,DT00_ATTRIBUTES,DT32,DT32_ATTRIBUTES,DX32,DX32_ATTRIBUTES,DX70,DX70_ATTRIBUTES,DX90,DX90_ATTRIBUTES,DYFG,DYFG_ATTRIBUTES,DYHF,DYHF_ATTRIBUTES,DYTS,DYTS_ATTRIBUTES,EMNT,EMNT_ATTRIBUTES,EMSD,EMSD_ATTRIBUTES,EMSN,EMSN_ATTRIBUTES,EMXP,EMXP_ATTRIBUTES,EMXT,EMXT_ATTRIBUTES,FZF0,FZF0_ATTRIBUTES,FZF1,FZF1_ATTRIBUTES,FZF2,FZF2_ATTRIBUTES,FZF3,FZF3_ATTRIBUTES,FZF4,FZF4_ATTRIBUTES,FZF5,FZF5_ATTRIBUTES,FZF6,FZF6_ATTRIBUTES,FZF7,FZF7_ATTRIBUTES,FZF8,FZF8_ATTRIBUTES,FZF9,FZF9_ATTRIBUTES,HDSD,HDSD_ATTRIBUTES,HN01,HN01_ATTRIBUTES,HN02,HN02_ATTRIBUTES,HTDD,HTDD_ATTRIBUTES,HX01,HX01_ATTRIBUTES,HX02,HX02_ATTRIBUTES,LN01,LN01_ATTRIBUTES,LN02,LN02_ATTRIBUTES,LX01,LX01_ATTRIBUTES,LX02,LX02_ATTRIBUTES,MN01,MN01_ATTRIBUTES,MN02,MN02_ATTRIBUTES,MX01,MX01_ATTRIBUTES,MX02,MX02_ATTRIBUTES,PRCP,PRCP_ATTRIBUTES,PSUN,PSUN_ATTRIBUTES,SNOW,SNOW_ATTRIBUTES,TAVG,TAVG_ATTRIBUTES,TMAX,TMAX_ATTRIBUTES,TMIN,TMIN_ATTRIBUTES,TSUN,TSUN_ATTRIBUTES,WDF2,WDF2_ATTRIBUTES,WDF5,WDF5_ATTRIBUTES,WDFG,WDFG_ATTRIBUTES,WDFM,WDFM_ATTRIBUTES,WSF2,WSF2_ATTRIBUTES,WSF5,WSF5_ATTRIBUTES,WSFG,WSFG_ATTRIBUTES,WSFM,WSFM_ATTRIBUTES
USW00024127,1948,40.7781,-111.9694,1287.8,"SALT LAKE CITY INTERNATIONAL AIRPORT, UT US",,,541.4,,541.4,0,94,0,48,0,1,0,52,,22,0,3,0,145,0,25,0,158,0,62,0,15, ,,,28, ,-20,"0,1225, ",356," ,0,1228, ",221," ,0,1204, ",44.5," ,0,0621, ",37.8,"0,0710, ",-2.2,"0,1017",-2.2,"0,1017",-4.4,"0,1105",-8.3,"0,1108",-10.6,"0,1127",-0.6,"X,0510",-2.2,"X,0503",-5.6,"X,0331",-10,"X,0321",-10,"X,0321",,,,,,,,,,,,,,,,,,,,,,,,,,,,,368.1," ,0",,,2017," ,0",10.31,0,17.04,0,3.57,0,,,,,,,,,,,,,,,,,,
USW00024127,1949,40.7781,-111.9694,1287.8,"SALT LAKE CITY INTERNATIONAL AIRPORT, UT US",,,537.3,,537.3,0,95,0,47,0,1,0,81,,20,0,20,0,140,0,49,0,152,0,50,0,40, ,,,38, ,-30,"0,0125, ",584," ,0,0124,+",163," ,0,0120, ",25.4," ,0,0520, ",38.9,"0,0805, ",0,"0,1019",-2.2,"0,1022",-5,"0,1204",-12.8,"0,1211",-12.8,"0,1211",-0.6,"0,0415",-3.9,"0,0328",-7.2,"0,0227",-7.2,"0,0227",-11.7,"0,0220",3730.8,8,,,,,3730.8,0,,,,,,,,,,,,,,,,,,,,,425.1," ,0",,,1595," ,0",9.99,0,16.77,0,3.22,0,,,,,,,,,,,,,,,,,,
USW00024127,1950,40.7781,-111.9694,1287.8,"SALT LAKE CITY INTERNATIONAL AIRPORT, UT US",,,435.3,,435.3,0,83,0,40,0,0,0,31,,13,0,4,0,125,0,26,0,158,0,40,0,34, ,,,29, ,-20,"0,0203,+",152," ,0,0128, ",140," ,0,0123, ",19.1," ,0,0508, ",38.3,"0,0701, ",-0.6,"0,1001",-6.7,"0,1109",-6.7,"0,1109",-6.7,"0,1109",-10.6,"0,1110",0,"0,0519",-3.3,"0,0425",-5,"0,0329",-7.2,"0,0313",-11.1,"0,0204",3303.4,4,,,,,3303.4,0,,,,,,,,,,,,,,,,,,,,,343.4," ,0",,,1001," ,0",10.85,0,17.53,0,4.17,0,,,,,,,,,,,,,,,,,,
USW00024127,1951,40.7781,-111.9694,1287.8,"SALT LAKE CITY INTERNATIONAL AIRPORT, UT US",,,404.1,,404.1,0,103,0,44,0,2,0,58,,19,0,1,0,145,0,22,0,147,0,34,0,28, ,,,36, ,-19.4,"0,1208, ",203," ,0,0122, ",140," ,0,1206, ",34," ,0,1003, ",38.3,"0,0715, ",0,"0,1018",-3.3,"0,1031",-8.9,"0,1101",-8.9,"0,1101",-8.9,"0,1101",0,"0,0513",-2.2,"0,0412",-5,"0,0411",-7.2,"0,0318",-8.9,"0,0303",3059.7,7,,,,,3059.7,0,,,,,,,,,,,,,,,,,,,,,445.4," ,0",,,1708," ,0",10.16,0,16.67,0,3.64,0,,,,,,,,,,,,,,,,,,
USW00024127,1952,40.7781,-111.9694,1287.8,"SALT LAKE CITY INTERNATIONAL AIRPORT, UT US",,,516.6,,516.6,0,80,0,42,0,1,0,79,,28,0,3,0,138,0,36,0,174,0,45,0,34, ,,,40, ,-18.3,"0,0104,+",254," ,0,0311,+",279," ,0,0311, ",25.7," ,0,0414, ",37.8,"0,0723, ",0,"0,1015",-4.4,"0,1103",-4.4,"0,1103",-8.3,"0,1123",-11.1,"0,1125",-0.6,"0,0409",-7.2,"0,0323",-7.2,"0,0323",-7.2,"0,0323",-15,"0,0303",3541.9,9,,,,,3541.9,0,,,,,,,,,,,,,,,,,,,,,385.2," ,0",,,2529," ,0",10.54,0,17.01,0,4.08,0,,,,,,,,,,,,,,,,,,
USW00024127,1953,40.7781,-111.9694,1287.8,"SALT LAKE CITY INTERNATIONAL AIRPORT, UT US",,,555.8,,555.8,0,81,0,33,0,1,0,27,,14,0,0,0,118,0,7,0,150,0,53,0,12, ,,,24, ,-12.2,"0,1228, ",203," ,0,0115, ",216," ,0,0114, ",34.5," ,0,0114, ",38.3,"0,0724,+",-2.2,"0,1021",-2.2,"0,1021",-5,"0,1119",-6.7,"0,1120",-11.1,"0,1211",0,"0,0504",-2.2,"0,0415",-4.4,"0,0410",-7.2,"0,0303",-9.4,"0,0221",3039.6,6,,,,,3039.6,0,,,,,,,,,,,,,,,,,,,,,313.5," ,0",,,1018," ,0",11.75,0,18.38,0,5.12,0,,,,,,,,,,,,,,,,,,
USW00024127,1954,40.7781,-111.9694,1287.8,"SALT LAKE CITY INTERNATIONAL AIRPORT, UT US",,,526.6,,526.6,0,69,0,29,0,2,0,28,,12,0,0,0,135,0,13,0,165,0,48,0,34, ,,,33, ,-13.9,"0,1228,+",152," ,0,0125, ",142," ,0,0218, ",41.1," ,0,0804, ",38.9,"0,0802, ",-1.1,"0,0930",-2.2,"0,1014",-6.7,"0,1128",-6.7,"0,1128",-9.4,"0,1129",0,"0,0528",-3.9,"0,0331",-6.7,"0,0314",-6.7,"0,0314",-10.6,"0,0313",2908.3,3,,,,,2908.3,0,,,,,,,,,,,,,,,,,,,,,315.9," ,0",,,832," ,0",11.49,0,18.45,0,4.52,0,,,,,,,,,,,,,,,,,,
USW00024127,1955,40.7781,-111.9694,1287.8,"SALT LAKE CITY INTERNATIONAL AIRPORT, UT US",,,522.4,,522.4,0,95,0,35,0,0,0,79,,26,0,5,0,153,0,38,0,142,0,57,0,45, ,,,19, ,-25.6,"0,1116, ",229," ,0,0117, ",244," ,0,0402, ",19.1," ,0,0724, ",38.9,"0,0715, ",-3.3,"0,1006",-3.3,"0,1006",-4.4,"0,1101",-16.1,"0,1114",-16.1,"0,1114",-1.1,"0,0516",-2.2,"0,0426",-9.4,"0,0405",-9.4,"0,0405",-9.4,"0,0405",3630.6,6,,,,,3630.6,0,,,,,,,,,,,,,,,,,,,,,347," ,0",,,2296," ,0",9.67,0,16.57,0,2.78,0,,,,,,,180,X,,,,,,,25.7,X,,
USW00024127,1956,40.7781,-111.9694,1287.8,"SALT LAKE CITY INTERNATIONAL AIRPORT, UT US",,,522.3,,522.3,0,76,0,36,0,0,0,45,,17,0,5,0,141,0,22,0,167,0,61,0,48, ,,,27, ,-19.4,"0,1208, ",178," ,0,1208,+",168," ,0,1024, ",18.3," ,0,1205, ",38.3,"0,0710,+",-1.1,"0,1020",-3.3,"0,1024",-5.6,"0,1025",-7.8,"0,1101",-10,"0,1102",0,"0,0415",-2.2,"0,0409",-4.4,"0,0406",-7.8,"0,0328",-10.6,"0,0312",3146,0,,,,,3146,0,,,,,,,,,,,,,,,,,,,,,315," ,0",,,1504," ,0",10.76,0,18.1,0,3.41,0,,,,,,,,,,,,,,,100.2,X,,
USW00024127,1957,40.7781,-111.9694,1287.8,"SALT LAKE CITY INTERNATIONAL AIRPORT, UT US",,,532.4,,532.4,0,109,0,50,0,4,0,36,,16,0,1,0,126,0,10,0,139,0,63,0,47, ,,,38, ,-18.9,"0,0130, ",152," ,0,0125, ",140," ,0,1102, ",36.6," ,0,0423, ",37.2,"0,0731,+",-1.1,"0,1028",-3.3,"0,1029",-5,"0,1118",-7.8,"0,1121",-9.4,"0,1122",0,"0,0428",-2.8,"0,0327",-6.1,"0,0324",-7.8,"0,0205",-10.6,"0,0131",3269.4,4,,,,,3269.4,0,,,,,,,,,,,,,,,,,,,,,469.3," ,0",,,1153," ,0",10.92,0,17.62,0,4.22,0,,,,,,,270,X,,,,,,,20,X,,
USW00024127,1958,40.7781,-111.9694,1287.8,"SALT LAKE CITY INTERNATIONAL AIRPORT, UT US",,,628.6,,628.6,0,82,0,30,0,1,0,21,,16,0,0,0,131,0,5,0,166,0,69,0,50, ,,,27, ,-14.4,"0,1118, ",229," ,0,1116, ",257," ,0,0423, ",37.1," ,0,0423, ",38.9,"0,0627, ",-0.6,"0,0925",-2.8,"0,1021",-7.8,"0,1115",-7.8,"0,1115",-12.2,"0,1116",0,"0,0429",-2.2,"0,0327",-4.4,"0,0317",-6.7,"0,0309",-10,"0,0123",3103.7,7,,,,,3103.7,0,,,,,,,,,,,,,,,,,,,,,273.6," ,0",,,1565," ,0",11.97,0,19.16,0,4.77,0,,,,,,,315,X,,,,,,,22.1,X,,
USW00024127,1959,40.7781,-111.9694,1287.8,"SALT LAKE CITY INTERNATIONAL AIRPORT, UT US",,,556.2,,556.2,0,83,0,39,0,1,0,31,,13,0,1,0,144,0,10,0,140,0,61,0,15, ,,,33, ,-18.3,"0,0104, ",203," ,0,0209, ",216," ,0,0208, ",27.2," ,0,0418, ",38.3,"0,0723, ",-0.6,"0,1002",-2.2,"0,1026",-4.4,"0,1031",-7.8,"0,1105",-10,"0,1113",-1.1,"0,0421",-2.2,"0,0416",-5.6,"0,0410",-6.7,"0,0305",-11.7,"0,0214",2978.5,5,,,,,2978.5,0,,,,,,,,,,,,,,,,,,,,,351.7," ,0",,,1012," ,0",10.92,0,18.03,0,3.8,0,,,,,,,270,X,,,,,,,26.2,X,,
USW00024127,1960,40.7781,-111.9694,1287.8,"SALT LAKE CITY INTERNATIONAL AIRPORT, UT US",,,643.7,,643.7,0,85,0,35,0,1,0,59,,15,0,4,0,136,0,24,0,170,0,69,0,54, ,,,32, ,-20,"0,0229, ",229," ,0,0102, ",135," ,0,0213, ",26.4," ,0,0822, ",41.7,"0,0726, ",0,"0,1014",-2.2,"0,1016",-5,"0,1029",-7.8,"0,1030",-9.4,"0,1205",-0.6,"0,0519",-4.4,"0,0417",-4.4,"0,0417",-9.4,"0,0316",-9.4,"0,0316",3464.5,5,,,,,3464.5,0,,,,,,,,,,,,,,,,,,,,,314.6," ,0",,,1380," ,0",11.03,0,18.22,0,3.83,0,,,,,,,180,X,,,,,,,30.8,X,,
USW00024127,1961,40.7781,-111.9694,1287.8,"SALT LAKE CITY INTERNATIONAL AIRPORT, UT US",,,713.5,,713.5,0,84,0,31,0,0,0,33,,16,0,2,0,138,0,13,0,155,0,82,0,39, ,,,30, ,-23.3,"0,1210, ",152," ,0,0219, ",188," ,0,0218, ",19.1," ,0,1028, ",40,"0,0621, ",0,"0,0924",-2.2,"0,1023",-5,"0,1029",-6.7,"0,1105",-9.4,"0,1118",-0.6,"0,0506",-2.2,"0,0505",-4.4,"0,0406",-11.1,"0,0226",-11.1,"0,0226",3063.3,3,,,,,3063.3,0,,,,,,,,,,,,,,,,,,,,,299.2," ,0",,,1263," ,0",11.22,0,18.37,0,4.06,0,,,,,,,270,X,,,,,,,31.4,X,,
USW00024127,1962,40.7781,-111.9694,1287.8,"SALT LAKE CITY INTERNATIONAL AIRPORT, UT US",,,517,,517,0,78,0,35,0,1,0,50,,19,0,7,0,133,0,47,0,155,0,56,0,55, ,,,34, ,-25.6,"0,0123, ",229," ,0,0121, ",246," ,0,0120, ",57.9," ,0,0713, ",38.3,"0,0815, ",-0.6,"0,1016",-2.8,"0,1106",-4.4,"0,1107",-7.8,"0,1123",-11.7,"0,1224",-2.2,"0,0430",-2.2,"0,0430",-6.1,"0,0316",-9.4,"0,0315",-9.4,"0,0315",3690.4,4,,,,,3690.4,0,,,,,,,,,,,,,,,,,,,,,378.6," ,0",,,1421," ,0",10.3,0,17.45,0,3.15,0,,,,,,,180,X,,,,,,,27.8,X,,
USW00024127,1963,40.7781,-111.9694,1287.8,"SALT LAKE CITY INTERNATIONAL AIRPORT, UT US",,,550.3,,550.3,0,78,0,43,0,0,0,49,,18,0,7,0,145,0,35,0,167,0,57,0,56, ,,,33, ,-27.8,"0,0112, ",152," ,0,0316, ",201," ,0,0315, ",23.4," ,0,0315, ",38.9,"0,0724, ",-0.6,"0,1027",-3.3,"0,1116",-4.4,"0,1117",-6.7,"0,1118",-12.8,"0,1210",-1.1,"0,0424",-2.2,"0,0423",-12.2,"0,0316",-12.2,"0,0316",-12.2,"0,0316",3363.8,8,,,,,3363.8,0,,,,,,,,,,,,,,,,,,,,,358.3," ,0",,,1494," ,0",10.48,0,17.47,0,3.48,0,,,,,,,315,X,,,,,,,42.1,X,,
USW00024127,1964,40.7781,-111.9694,1287.8,"SALT LAKE CITY INTERNATIONAL AIRPORT, UT US",,,432.3,,432.3,0,97,0,43,0,1,0,84,,26,0,5,0,158,0,36,0,147,0,54,0,46, ,,,39, ,-23.3,"0,0113, ",178," ,0,0323,+",292," ,0,0322, ",27.9," ,0,1223, ",38.3,"0,0718, ",-0.6,"0,0919",-5,"0,1017",-5,"0,1017",-7.2,"0,1115",-10.6,"0,1117",0,"0,0505",-2.2,"0,0503",-8.3,"0,0325",-8.3,"0,0325",-11.7,"0,0314",3799.3,3,,,,,3799.3,0,,,,,,,,,,,,,,,,,,,,,454.8," ,0",,,2020," ,0",9.03,0,16.14,0,1.92,0,,,,,,,315,X,,,,,,,29.3,X,,
USW00024127,1965,40.7781,-111.9694,1287.8,"SALT LAKE CITY INTERNATIONAL AIRPORT, UT US",,,330.5,,330.5,0,97,0,50,0,3,0,38,,16,0,0,0,133,0,24,0,160,0,31,0,38, ,16, ,34, ,-16.1,"0,0122, ",102," ,0,0125, ",135," ,0,0505, ",35.1," ,0,0423, ",36.7,"0,0728,+",-0.6,"0,0917",-2.8,"0,0918",-5.6,"0,1128",-6.7,"0,1129",-8.9,"0,1130",-2.8,"0,0507",-2.8,"0,0507",-10,"0,0325",-10,"0,0325",-10,"0,0325",3329,0,,,,,3329,0,,,,,,,,,,,,,,,,,,,,,468.9," ,0",66.9,X,1311," ,0",10.25,0,17.15,0,3.34,0,184716,X,,,,,225,X,225,X,,,,,26.2,X,16.5,X
USW00024127,1966,40.7781,-111.9694,1287.8,"SALT LAKE CITY INTERNATIONAL AIRPORT, UT US",,,626,,626,0,66,0,26,0,0,0,40,,19,0,1,0,142,0,30,0,170,0,74,0,45, ,7, ,33, ,-19.4,"0,0213, ",229," ,0,0302, ",208," ,0,0302, ",21.3," ,0,1013, ",38.9,"0,0719, ",-0.6,"0,1010",-2.2,"0,1014",-4.4,"0,1022",-8.3,"0,1124",-8.9,"0,1125",-1.1,"0,0523",-2.2,"0,0428",-5,"0,0404",-8.3,"0,0322",-12.2,"0,0306",3153.3,3,,,,,3153.3,0,,,,,,,,,,,,,,,,,,,,,229," ,0",74.2,X,1517," ,0",11.25,0,18.69,0,3.81,0,204774,X,,,,,180,X,,,,,,,24.2,X,,
USW00024127,1967,40.7781,-111.9694,1287.8,"SALT LAKE CITY INTERNATIONAL AIRPORT, UT US",,,575,,575,0,99,0,50,0,0,0,61,,24,0,0,0,143,0,23,0,154,0,68,0,27, ,7, ,49, ,-16.7,"0,0111, ",279," ,0,0107, ",216," ,0,1216, ",23.9," ,0,0716, ",38.3,"0,0721, ",-1.7,"0,1015",-2.2,"0,1024",-4.4,"0,1102",-7.2,"0,1126",-8.9,"0,1127",-1.1,"0,0513",-2.2,"0,0502",-7.2,"0,0330",-7.2,"0,0330",-9.4,"0,0125",3198.9,9,,,,,3198.9,0,,,,,,,,,,,,,,,,,,,,,420.5," ,0",65.5,X,2294," ,0",11.01,0,18.17,0,3.85,0,180750,X,,,,,315,X,225,X,,,,,31.9,X,21,X
USW00024127,1968,40.7781,-111.9694,1287.8,"SALT LAKE CITY INTERNATIONAL AIRPORT, UT US",,,453.1,,453.1,0,100,0,56,0,0,0,68,,23,0,2,0,143,0,24,0,147,0,47,0,54, ,12, ,39, ,-17.8,"0,0113,+",203," ,0,1221,+",241," ,0,1211, ",24.1," ,0,1014, ",38.9,"0,0719, ",0,"0,0922",-2.8,"0,1017",-5,"0,1113",-6.7,"0,1114",-12.2,"0,1201",-1.1,"0,0507",-2.8,"0,0423",-6.1,"0,0311",-15,"0,0215",-15,"0,0215",3305.5,5,,,,,3305.5,0,,,,,,,,,,,,,,,,,,,,,536.9," ,0",68.2,X,2157," ,0",10.12,0,17.05,0,3.19,0,187914,X,,,,,315,X,315,X,,,,,27.8,X,24.1,X
USW00024127,1969,40.7781,-111.9694,1287.8,"SALT LAKE CITY INTERNATIONAL AIRPORT, UT US",,,569.8,,569.8,0,88,0,45,0,2,0,55,,18,0,0,0,135,0,18,0,157,0,59,0,50, ,17, ,40, ,-17.2,"0,0204, ",203," ,0,0226,+",211," ,0,0225, ",34.5," ,0,0729, ",37.2,"0,0824,+",0,"0,1013",-2.2,"0,1014",-7.2,"0,1117",-7.2,"0,1117",-9.4,"0,1118",-0.6,"0,0426",-2.2,"0,0326",-5,"0,0325",-6.7,"0,0227",-9.4,"0,0218",3371.9,9,,,,,3371.9,0,,,,,,,,,,,,,,,,,,,,,409.4," ,0",71.4,X,1754," ,0",11.01,0,17.7,0,4.32,0,198864,X,,,,,315,X,225,X,,,,,27.2,X,20.1,X
USW00024127,1970,40.7781,-111.9694,1287.8,"SALT LAKE CITY INTERNATIONAL AIRPORT, UT US",,,540.6,,540.6,0,105,0,53,0,1,0,36,,15,0,3,0,131,0,15,0,133,0,54,0,27, ,11, ,37, ,-18.3,"0,1224,+",279," ,0,1219,+",224," ,0,1217, ",55.6," ,0,0905, ",39.4,"0,0626, ",-1.1,"0,0925",-2.2,"0,1015",-4.4,"0,1027",-6.7,"0,1212",-12.2,"0,1218",-0.6,"0,0429",-2.2,"0,0421",-5,"0,0401",-7.2,"0,0331",-10.6,"0,0129",3136.7,7,,,,,3136.7,0,,,,,,,,,,,,,,,,,,,,,505.8," ,0",64.3,X,1588," ,0",10.83,0,17.44,0,4.22,0,176574,X,,,,,225,X,315,X,,,,,29.8,X,20.6,X
USW00024127,1971,40.7781,-111.9694,1287.8,"SALT LAKE CITY INTERNATIONAL AIRPORT, UT US",,,502.3,,502.3,0,109,0,56,0,1,0,56,,25,0,3,0,134,0,23,0,137,0,60,0,28, ,8, ,37, ,-21.1,"0,0106, ",178," ,0,1101, ",216," ,0,1031, ",30.5," ,0,0930, ",37.8,"0,0814,+",0,"0,0928",-3.3,"0,1028",-7.8,"0,1029",-7.8,"0,1029",-8.9,"0,1030",0,"0,0416",-2.2,"0,0413",-5.6,"0,0401",-7.2,"0,0318",-16.1,"0,0302",3339.7,7,,,,,3339.7,0,,,,,,,,,,,,,,,,,,,,,477.6," ,0",66.6,X,1983," ,0",10.22,0,16.88,0,3.55,0,184998,X,,,,,225,X,315,X,,,,,28.8,X,18.3,X
USW00024127,1972,40.7781,-111.9694,1287.8,"SALT LAKE CITY INTERNATIONAL AIRPORT, UT US",,,573.6,,573.6,0,89,0,42,0,1,0,55,,20,0,10,0,110,0,28,0,162,0,56,0,27, ,8, ,40, ,-26.1,"0,1215, ",356," ,0,1230, ",320," ,0,1228, ",30.7," ,0,1228, ",40,"0,0729, ",0,"0,1028",-2.2,"0,1029",-4.4,"0,1031",-6.7,"0,1129",-11.1,"0,1204",-0.6,"0,0502",-2.2,"0,0501",-5,"0,0329",-7.8,"0,0205",-15.6,"0,0204",3266.9,9,,,,,3266.9,0,,,,,,,,,,,,,,,,,,,,,400," ,0",65.9,X,1952," ,0",11.26,0,17.99,0,4.53,0,183912,X,,,,,315,X,315,X,,,,,31.9,X,24.6,X
USW00024127,1973,40.7781,-111.9694,1287.8,"SALT LAKE CITY INTERNATIONAL AIRPORT, UT US",,,566.6,,566.6,0,108,0,59,0,3,0,77,,26,0,8,0,116,0,29,0,152,0,58,0,57, ,22, ,41, ,-25,"0,0104, ",254," ,0,0104, ",208," ,0,0313, ",34.8," ,0,0901, ",40,"0,0710,+",0,"0,1026",-4.4,"0,1104",-4.4,"0,1104",-6.7,"0,1121",-9.4,"0,1125",-0.6,"0,0419",-3.9,"0,0408",-5,"0,0222",-6.7,"0,0221",-8.9,"0,0209",3513.2,2,,,,,3513.2,0,,,,,,,,,,,,,,,,,,,,,518.7," ,0",65.7,X,2167," ,0",10.72,0,17.09,0,4.35,0,181332,X,,,,,270,X,315,X,,,,,28.8,X,18.8,X
USW00024127,1974,40.7781,-111.9694,1287.8,"SALT LAKE CITY INTERNATIONAL AIRPORT, UT US",,,643.5,,643.5,0,76,0,37,0,2,0,59,,20,0,6,0,112,0,22,0,154,0,70,0,39, ,9, ,20, ,-22.2,"0,0111, ",254," ,0,0108, ",300," ,0,0410, ",39.1," ,0,0410, ",38.9,"0,0615, ",-0.6,"0,1105",-2.2,"0,1111",-4.4,"0,1129",-10,"0,1222",-10,"0,1222",0,"0,0428",-2.2,"0,0404",-5.6,"0,0321",-8.9,"0,0304",-8.9,"0,0304",3178.2,2,,,,,3178.2,0,,,,,,,,,,,,,,,,,,,,,367.6," ,0",73.8,X,2017," ,0",11.53,0,18.22,0,4.84,0,202092,X,,,,,180,X,180,X,,,,,27.8,X,20.1,X
USW00024127,1975,40.7781,-111.9694,1287.8,"SALT LAKE CITY INTERNATIONAL AIRPORT, UT US",,,484.8,,484.8,0,105,0,54,0,1,0,58,,26,0,0,0,122,0,25,0,145,0,45,0,48, ,10, ,36, ,-17.2,"0,1231, ",152," ,0,1231,+",216," ,0,0425, ",27.7," ,0,0425, ",37.8,"0,0806, ",-0.6,"0,1023",-2.8,"0,1024",-5.6,"0,1112",-7.8,"0,1121",-8.9,"0,1122",0,"0,0525",-2.8,"0,0426",-8.3,"0,0329",-8.3,"0,0329",-9.4,"0,0223",3253.4,4,,,,,3253.4,0,,,,,,,,,,,,,,,,,,,,,455.9," ,0",67.6,X,2382," ,0",10.38,0,16.56,0,4.21,0,185058,X,,,,,180,X,315,X,,,,,25.2,X,17.4,X
USW00024127,1976,40.7781,-111.9694,1287.8,"SALT LAKE CITY INTERNATIONAL AIRPORT, UT US",,,510.9,,510.9,0,73,0,31,0,1,0,37,,18,0,1,0,142,0,19,0,156,0,45,0,48, ,17, ,38, ,-18.9,"0,0101, ",178," ,0,0205, ",173," ,0,0311, ",41.1," ,0,0425, ",39.4,"0,0711, ",-1.1,"0,1018",-3.3,"0,1019",-4.4,"0,1113",-13.3,"0,1127",-13.3,"0,1127",-0.6,"0,0410",-2.2,"0,0402",-4.4,"0,0328",-9.4,"0,0312",-9.4,"0,0312",3229.2,2,,,,,3229.2,0,,,,,,,,,,,,,,,,,,,,,314.1," ,0",76.4,X,1217," ,0",10.86,0,17.97,0,3.74,0,206304,X,,,,,315,X,315,X,,,,,29.8,X,21.9,X
USW00024127,1977,40.7781,-111.9694,1287.8,"SALT LAKE CITY INTERNATIONAL AIRPORT, UT US",,,600.7,,600.7,0,96,0,42,0,1,0,36,,21,0,1,0,118,0,15,0,162,0,57,0,49, ,12, ,40, ,-18.9,"0,0109, ",305," ,0,0303, ",257," ,0,0302, ",25.4," ,0,0518, ",38.3,"0,0802, ",-0.6,"0,1101",-5.6,"0,1108",-5.6,"0,1108",-6.7,"0,1109",-15,"0,1120",-1.7,"0,0420",-2.2,"0,0419",-10.6,"0,0330",-10.6,"0,0330",-10.6,"0,0330",3212.5,5,,,,,3212.5,0,,,,,,,,,,,,,,,,,,,,,449.4," ,0",69.1,X,1936," ,0",11.73,0,18.37,0,5.09,0,189516,X,,,,,270,X,360,X,,,,,29.8,X,18.8,X
USW00024127,1978,40.7781,-111.9694,1287.8,"SALT LAKE CITY INTERNATIONAL AIRPORT, UT US",,,550.7,,550.7,0,101,0,55,0,1,0,41,,25,0,0,0,90,0,11,0,156,0,63,0,44, ,2, ,28, ,-16.7,"0,1231,+",102," ,0,1220,+",122," ,0,1110, ",35.1," ,0,0917, ",39.4,"0,0724, ",-1.1,"0,1026",-2.2,"0,1031",-4.4,"0,1113",-7.8,"0,1115",-10.6,"0,1205",-0.6,"0,0505",-2.2,"0,0315",-4.4,"0,0218",-8.3,"0,0217",,,2666.2,2,,,,,2666.2,0,,,,,,,,,,,,,,,,,,,,,460.4," ,0",,,1818," ,0",11.78,0,18.31,0,5.25,0,,,,,,,315,X,315,X,,,,,32.9,X,20.1,X
USW00024127,1979,40.7781,-111.9694,1287.8,"SALT LAKE CITY INTERNATIONAL AIRPORT, UT US",,,689,,689,0,80,0,34,0,0,0,42,,17,0,4,0,130,0,30,0,164,0,66,0,57, ,10, ,33, ,-22.2,"0,0131, ",178," ,0,1222, ",152," ,0,0401, ",16.5," ,0,1019, ",40,"0,0804,+",-1.7,"0,1030",-2.2,"0,1031",-5,"0,1116",-6.7,"0,1122",-11.1,"0,1128",-1.1,"0,0420",-2.8,"0,0311",-6.7,"0,0303",-6.7,"0,0303",-13.9,"0,0205",3311,0,,,,,3311,0,,,,,,,,,,,,,,,,,,,,,221.6," ,0",67.4,X,1289," ,0",11.43,0,18.31,0,4.55,0,186672,X,,,,,225,X,180,X,,,,,23.1,X,17.9,X
USW00024127,1980,40.7781,-111.9694,1287.8,"SALT LAKE CITY INTERNATIONAL AIRPORT, UT US",,,528.7,,528.7,0,100,0,50,0,0,0,37,,16,0,2,0,110,0,17,0,150,0,53,0,62, ,27, ,40, ,-20,"0,0131, ",305," ,0,0130, ",251," ,0,0129, ",23.4," ,0,0114, ",38.3,"0,0728,+",0,"0,1022",-2.2,"0,1023",-5,"0,1115",-9.4,"0,1125",-9.4,"0,1125",-1.1,"0,0413",-4.4,"0,0331",-4.4,"0,0331",-10.6,"0,0213",-10.6,"0,0213",2997.9,9,,,,,2997.9,0,,,,,,,,,,,,,,,,,,,,,437.1," ,0",68.1,X,1415," ,0",11.55,0,17.92,0,5.18,0,189468,X,,,,,315,X,315,X,,,,,30.8,X,26.4,X
USW00024127,1981,40.7781,-111.9694,1287.8,"SALT LAKE CITY INTERNATIONAL AIRPORT, UT US",,,638,,638,0,99,0,55,0,0,0,21,,15,0,0,0,97,0,14,0,146,0,59,0,43, ,12, ,48, ,-13.9,"0,1223, ",152," ,0,1223, ",140," ,0,0131, ",21.8," ,0,1029, ",38.3,"0,0625, ",-0.6,"0,1031",-4.4,"0,1126",-4.4,"0,1126",-8.3,"0,1222",-13.9,"0,1223",-0.6,"0,0408",-2.8,"0,0318",-4.4,"0,0221",-6.7,"0,0211",-8.9,"0,0204",2888.7,7,,,,,2888.7,0,,,,,,,,,,,,,,,,,,,,,421.8," ,0",56.8,X,1051," ,0",12.35,0,18.37,0,6.32,0,158514,X,,,,,315,X,360,X,,,,,32.9,X,19.2,X
USW00024127,1982,40.7781,-111.9694,1287.8,"SALT LAKE CITY INTERNATIONAL AIRPORT, UT US",,,564.8,,564.8,0,112,0,58,0,3,0,61,,20,0,1,0,129,0,25,0,130,0,39,0,27, ,6, ,55, ,-17.8,"0,0209, ",178," ,0,1208,+",185," ,0,1201, ",57.7," ,0,0926, ",37.8,"0,0722,+",0,"0,1009",-2.2,"0,1019",-5,"0,1114",-7.8,"0,1123",-10.6,"0,1208",-2.2,"0,0422",-2.2,"0,0422",-5.6,"0,0421",-7.2,"0,0402",-10,"0,0213",3090.5,5,30,"0,0,2",29.4,"0,0,3",3090.5,0,37.2,"0,0,2",34.4,"0,0,3",-2.2,"0,0,2",-1.1,"0,0,3",-1.1,"0,0,2",-0.6,"0,0,3",9.6,"0,0,2",10.6,"0,0,3",15.5,"0,0,2",14.1,"0,0,3",581.6," ,0",59.3,X,1544," ,0",10.52,0,16.59,0,4.45,0,165174,X,,,,,180,X,180,X,,,,,26.2,X,20.1,X
USW00024127,1983,40.7781,-111.9694,1287.8,"SALT LAKE CITY INTERNATIONAL AIRPORT, UT US",,,586,,586,0,140,0,71,0,1,0,24,,24,0,0,0,89,0,13,0,144,0,41,0,42, ,8, ,57, ,-14.4,"0,1228, ",330," ,0,1228,+",183," ,0,0403, ",30.5," ,0,0511, ",38.3,"0,0714, ",-1.1,"0,1108",-3.9,"0,1122",-4.4,"0,1129",-10,"0,1220",-10,"0,1220",-0.6,"0,0426",-2.2,"0,0413",-4.4,"0,0403",-6.7,"0,0204",-10,"0,0103",3193.6,6,29.4,"0,0,2",31.1,"0,0,3",3193.6,0,37.8,"0,0,2",35.6,"0,0,3",-6.1,"0,0,2",-4.4,"0,0,3",-2.2,"0,0,2",-1.1,"0,0,3",9.3,"0,0,2",10.7,"0,0,3",16,"0,0,2",14.4,"0,0,3",617.2," ,0",57.3,X,1898," ,0",11.92,0,17.53,0,6.31,0,162504,X,,,,,315,X,225,X,,,,,26.7,X,21,X
USW00024127,1984,40.7781,-111.9694,1287.8,"SALT LAKE CITY INTERNATIONAL AIRPORT, UT US",3.9,X,638.7,,638.7,0,119,0,62,0,1,0,112,,25,0,5,0,123,0,38,0,145,0,51,0,85, ,27, ,58, ,-21.1,"0,0118,+",330," ,0,0211, ",351," ,0,1018, ",31.2," ,0,1018, ",37.8,"0,0718,+",-0.6,"0,1016",-2.2,"0,1023",-5,"0,1127",-8.3,"0,1201",-13.3,"0,1216",0,"0,0426",-5,"0,0309",-5,"0,0309",-7.2,"0,0308",-10.6,"0,0305",3308,0,28.3,"0,0,2",28.9,"0,0,3",3308,0,37.2,"0,0,2",34.4,"0,0,3",-6.1,"0,0,2",-1.7,"0,0,3",0,"0,0,2",-0.6,"0,0,3",8.7,"0,0,2",9.8,"0,0,3",15.2,"0,0,2",13.4,"0,0,3",548.2," ,0",,,2487," ,0",10.51,0,16.1,0,4.92,0,161918,X,,,,,180,X,180,X,,,,,26.7,X,21.9,X
USW00024127,1985,40.7781,-111.9694,1287.8,"SALT LAKE CITY INTERNATIONAL AIRPORT, UT US",4.1,X,691.4,,691.4,0,92,0,44,0,2,0,101,,22,0,5,0,120,0,47,0,156,0,57,0,74, ,35, ,48, ,-22.8,"0,0201, ",279," ,0,1119, ",267," ,0,1208, ",26.2," ,0,0510, ",38.9,"0,0705, ",-1.7,"0,1109",-2.2,"0,1110",-5,"0,1116",-6.7,"0,1118",-10.6,"0,1119",-2.2,"0,0330",-2.2,"0,0330",-6.7,"0,0308",-6.7,"0,0308",-8.9,"0,0228",3270.4,4,28.9,"0,0,2",29.4,"0,0,3",3270.4,0,39.4,"0,0,2",36.1,"0,0,3",-2.8,"0,0,2",-1.7,"0,0,3",-1.7,"0,0,2",-1.1,"0,0,3",9.8,"0,0,2",10.5,"0,0,3",15.8,"0,0,2",14.1,"0,0,3",431.5," ,0",,,1901," ,0",10.95,0,16.8,0,5.1,0,169770,X,,,,,315,X,,,,,,,28.3,X,,
USW00024127,1986,40.7781,-111.9694,1287.8,"SALT LAKE CITY INTERNATIONAL AIRPORT, UT US",4.1,X,591,,591,0,108,0,49,0,2,0,27,,6,0,0,0,101,0,17,0,133,0,44,0,53, ,22, ,48, ,-14.4,"0,0108, ",152," ,0,0101, ",66," ,0,1106,+",39.9," ,0,0402, ",38.3,"0,0627, ",-2.2,"0,1012",-2.2,"0,1012",-4.4,"0,1110",-7.2,"0,1209",-9.4,"0,1210",-0.6,"0,0426",-2.2,"0,0315",-5,"0,0212",-7.2,"0,0210",-8.9,"0,0209",3112.2,2,27.8,"0,0,2",28.3,"0,0,3",3112.2,0,37.8,"0,0,2",34.4,"0,0,3",-3.3,"0,0,2",-1.7,"0,0,3",-0.6,"0,0,2",-1.1,"0,0,3",9.7,"0,0,2",10.7,"0,0,3",16.8,"0,0,2",14.8,"0,0,3",493.9," ,0",,,465," ,0",11.46,0,17.36,0,5.55,0,167552,X,,,,,315,X,315,X,,,,,25.7,X,22.8,X
USW00024127,1987,40.7781,-111.9694,1287.8,"SALT LAKE CITY INTERNATIONAL AIRPORT, UT US",4.2,X,568,,568,0,87,0,37,0,0,0,42,,15,0,2,0,116,0,27,0,167,0,44,0,28, ,1, ,43, ,-17.8,"0,1225,+",178," ,0,0122,+",155," ,0,0105, ",20.6," ,0,0105, ",37.8,"0,0614, ",0,"0,1111",-3.3,"0,1115",-4.4,"0,1117",-7.2,"0,1212",-11.1,"0,1214",-0.6,"0,0419",-2.8,"0,0331",-5.6,"0,0330",-6.7,"0,0225",-11.7,"0,0123",3109.2,2,27.8,"0,0,2",27.8,"0,0,3",3109.2,0,36.1,"0,0,2",33.3,"0,0,3",-2.8,"0,0,2",-1.7,"0,0,3",-1.1,"0,0,2",-1.1,"0,0,3",10.8,"0,0,2",11.9,"0,0,3",17.5,"0,0,2",15.5,"0,0,3",318.6," ,0",,,1090," ,0",11.84,0,18.37,0,5.31,0,168692,X,,,,,270,X,180,X,,,,,24.7,X,17.4,X
USW00024127,1988,40.7781,-111.9694,1287.8,"SALT LAKE CITY INTERNATIONAL AIRPORT, UT US",4.3,X,748.6,,748.6,0,75,0,30,0,0,0,63,,13,0,1,0,131,0,24,0,171,0,75,0,45, ,9, ,28, ,-17.8,"0,1227, ",254," ,0,0109,+",112," ,0,0106, ",19.3," ,0,0418, ",38.9,"0,0624, ",0,"0,1114",-2.2,"0,1115",-5,"0,1119",-6.7,"0,1202",-8.9,"0,1217",-0.6,"0,0502",-2.2,"0,0410",-4.4,"0,0317",-7.2,"0,0313",-11.7,"0,0206",3106.1,1,31.7,"0,0,2",31.7,"0,0,3",3106.1,0,38.9,"0,0,2",36.7,"0,0,3",-5,"0,0,2",-1.1,"0,0,3",-1.1,"0,0,2",-0.6,"0,0,3",11.9,"0,0,2",13,"0,0,3",18.2,"0,0,2",16.3,"0,0,3",237.1," ,0",,,1139," ,0",11.78,0,18.37,0,5.19,0,187716,X,,,,,360,X,360,X,,,,,26.2,X,21,X
USW00024127,1989,40.7781,-111.9694,1287.8,"SALT LAKE CITY INTERNATIONAL AIRPORT, UT US",4,X,627.8,,627.8,0,80,0,31,0,0,0,62,,14,0,4,0,118,0,32,0,160,0,56,0,58, ,18, ,38, ,-25.6,"0,0206, ",330," ,0,0204,+",277," ,0,0201, ",17.3," ,0,1026, ",40,"0,0720, ",0,"0,1017",-2.2,"0,1030",-5.6,"0,1127",-8.9,"0,1128",-8.9,"0,1128",-0.6,"0,0321",-5.6,"0,0305",-5.6,"0,0305",-9.4,"0,0304",-9.4,"0,0304",3200.8,8,30.6,"0,0,2",31.7,"0,0,3",3200.8,0,40.6,"0,0,2",37.2,"0,0,3",-2.2,"0,0,2",0,"0,0,3",0,"0,0,2",0,"0,0,3",11.7,"0,0,2",12.6,"0,0,3",17.8,"0,0,2",16,"0,0,3",276.7," ,0",,,1164," ,0",11.15,0,17.81,0,4.49,0,193884,X,,,,,225,X,225,X,,,,,30.8,X,23.2,X
USW00024127,1990,40.7781,-111.9694,1287.8,"SALT LAKE CITY INTERNATIONAL AIRPORT, UT US",4.2,X,707.5,,707.5,0,86,0,34,0,0,0,40,,15,0,10,0,116,0,19,0,162,0,63,0,29, ,4, ,29, ,-23.9,"0,1223, ",203," ,0,0312, ",244," ,0,0311, ",20.8," ,0,0311, ",39.4,"0,0808,+",-1.1,"0,1017",-4.4,"0,1107",-4.4,"0,1107",-7.8,"0,1208",-11.1,"0,1215",-1.1,"0,0430",-2.8,"0,0316",-4.4,"0,0314",-6.7,"0,0313",-11.1,"0,0312",2932.6,6,30,"0,0,2",31.1,"0,0,3",2932.6,0,39.4,"0,0,2",36.1,"0,0,3",-2.2,"0,0,2",-0.6,"0,0,3",-0.6,"0,0,2",-0.6,"0,0,3",11.3,"0,0,2",12.2,"0,0,3",18.3,"0,0,2",16.5,"0,0,3",272.2," ,0",,,1229," ,0",11.82,0,18.39,0,5.24,0,189393,X,,,,,225,X,180,X,,,,,24.2,X,21.5,X
USW00024127,1991,40.7781,-111.9694,1287.8,"SALT LAKE CITY INTERNATIONAL AIRPORT, UT US",3.7,X,584.2,,584.2,0,98,0,47,0,2,0,55,,17,0,2,0,127,0,21,0,146,0,55,0,58, ,16, ,33, ,-20,"0,0102, ",178," ,0,0116,+",160," ,0,0427, ",32.8," ,0,0907, ",38.3,"0,0705, ",-0.6,"0,1024",-2.2,"0,1029",-6.1,"0,1030",-6.7,"0,1103",-11.7,"0,1130",-0.6,"0,0427",-2.2,"0,0330",-5.6,"0,0307",-7.2,"0,0211",-10,"0,0209",3352.6,6,,,,,3352.6,0,,,,,,,,,,,,,,,,,,,,,452.7," ,0",,,1240," ,0",10.96,0,17.06,0,4.86,0,168623,X,,,,,270,X,180,X,,,,,26.2,X,21.9,X
USW00024127,1992,40.7781,-111.9694,1287.8,"SALT LAKE CITY INTERNATIONAL AIRPORT, UT US",3.7,X,621.1,,621.1,0,84,0,38,0,1,0,64,,13,0,0,0,100,0,28,0,171,0,51,0,64, ,28, ,30, ,-17.2,"0,0120, ",229," ,0,1124,+",157," ,0,0107, ",25.4," ,0,1102, ",39.4,"0,0802, ",-1.7,"0,1103",-3.3,"0,1104",-5.6,"0,1111",-8.9,"0,1121",-8.9,"0,1121",0,"0,0311",-5,"0,0207",-5,"0,0207",-7.8,"0,0205",-10.6,"0,0202",2823.3,3,31.1,"0,0,2",30.6,"0,0,3",2823.3,0,40,"0,0,2",37.2,"0,0,3",-1.7,"0,0,2",-0.6,"0,0,3",0,"0,0,2",-0.6,"0,0,3",11.6,"0,0,2",12.4,"0,0,3",18.5,"0,0,2",16.6,"0,0,3",307.5," ,0",,,1237," ,0",12,0,18.6,0,5.4,0,194731,X,,,,,315,X,225,X,,,,,27.2,X,24.1,X
USW00024127,1993,40.7781,-111.9694,1287.8,"SALT LAKE CITY INTERNATIONAL AIRPORT, UT US",3.5,X,385.6,,385.6,0,116,0,54,0,1,0,80,,22,0,1,0,126,0,26,0,141,0,27,0,65, ,15, ,36, ,-20,"0,0105, ",635," ,0,0112, ",229," ,0,0102, ",38.9," ,0,1007, ",35.6,"0,0728, ",-1.1,"0,1029",-2.8,"0,1030",-4.4,"0,1107",-7.2,"0,1119",-16.1,"0,1125",-0.6,"0,0414",-2.2,"0,0312",-4.4,"0,0302",-6.7,"0,0228",-9.4,"0,0227",3374,0,26.1,"0,0,2",26.1,"0,0,3",3374,0,35.6,"0,0,2",32.2,"0,0,3",-1.7,"0,0,2",-0.6,"0,0,3",0,"0,0,2",0,"0,0,3",10.4,"0,0,2",10.8,"0,0,3",16.1,"0,0,2",14.4,"0,0,3",479.9," ,0",,,2087," ,0",10.1,0,16.16,0,4.03,0,174339,X,,,,,225,X,225,X,,,,,25.7,X,21.5,X
USW00024127,1994,40.7781,-111.9694,1287.8,"SALT LAKE CITY INTERNATIONAL AIRPORT, UT US",3.9,X,841.2,,841.2,0,92,0,46,0,0,0,52,,17,0,0,0,115,0,13,0,159,0,77,0,41, ,4, ,27, ,-12.2,"0,1122, ",203," ,0,0223, ",251," ,0,0222, ",24.4," ,0,1112, ",41.1,"0,0804, ",-1.1,"0,1029",-3.9,"0,1030",-4.4,"0,1103",-7.8,"0,1113",-9.4,"0,1114",-0.6,"0,0408",-2.2,"0,0324",-6.1,"0,0323",-10,"0,0223",-10,"0,0223",2933.9,9,32.2,"0,0,2",32.8,"0,0,3",2933.9,0,42.2,"0,0,2",39.4,"0,0,3",-5.6,"0,0,2",-1.1,"0,0,3",0,"0,0,2",0,"0,0,3",12.7,"0,0,2",13,"0,0,3",18.9,"0,0,2",17,"0,0,3",388.5," ,0",,,1815," ,0",12.52,0,19.06,0,5.97,0,,,,,,,315,X,,,,,,,28.3,X,,
USW00024127,1995,40.7781,-111.9694,1287.8,"SALT LAKE CITY INTERNATIONAL AIRPORT, UT US",3.8,X,548.8,,548.8,0,96,0,50,0,1,0,22,,13,0,0,0,93,0,5,0,139,0,55,0,38, ,2, ,48, ,-11.7,"0,0215, ",127," ,0,0215,+",130," ,0,0211, ",25.7," ,0,0929, ",41.1,"0,0729, ",0,"0,1022",-2.2,"0,1023",-4.4,"0,1101",-6.7,"0,1102",-8.9,"0,1224",-0.6,"0,0416",-3.3,"0,0330",-4.4,"0,0329",-7.2,"0,0216",-11.7,"0,0215",3095.1,1,,,,,3095.1,0,,,,,,,,,,,,,,,,,,,,,430.3," ,0",,,1022," ,0",12.12,0,18.64,0,5.6,0,201600,X,,,,,270,X,,,,,,,23.1,X,,
USW00024127,1996,40.7781,-111.9694,1287.8,"SALT LAKE CITY INTERNATIONAL AIRPORT, UT US",3.9,X,735.1,,735.1,0,98,0,49,0,0,0,53,,28,0,3,0,114,0,13,0,159,0,74,0,65, ,9, ,24, ,-24.4,"0,0203, ",432," ,0,0126, ",340," ,0,0125, ",22.6," ,0,0916, ",39.4,"0,0702, ",-0.6,"0,1016",-2.2,"0,1020",-4.4,"0,1127",-7.2,"0,1202",-11.7,"0,1204",0,"0,0428",-3.9,"0,0326",-6.1,"0,0301",-10,"0,0229",-10,"0,0229",2863,0,21.1,"0,0,2",21.7,"0,0,3",2863,0,27.8,"0,0,2",25,"0,0,3",-0.6,"0,0,2",0,"0,0,3",0.6,"0,0,2",0,"0,0,3",9.3,"0,0,2",9.8,"0,0,3",12.9,"0,0,2",11.1,"0,0,3",440.3," ,0",,,2756," ,0",12.33,0,18.97,0,5.69,0,182646,X,,,,,320,X,,,,,,,22.8,X,,
USW00024127,1997,40.7781,-111.9694,1287.8,"SALT LAKE CITY INTERNATIONAL AIRPORT, UT US",4,X,635.1,,635.1,0,100,0,49,0,1,0,54,,18,0,0,0,129,0,19,0,164,0,55,0,50, ,1, ,40, ,-13.3,"0,1226, ",127," ,0,0115, ",137," ,0,0123, ",26.4," ,0,0524, ",37.8,"0,0715, ",-0.6,"0,1013",-2.2,"0,1026",-4.4,"0,1114",-10.6,"0,1210",-10.6,"0,1210",-2.8,"0,0413",-2.8,"0,0413",-5,"0,0412",-6.7,"0,0225",-8.9,"0,0124",2837.7,7,22.2,"0,0,2",21.1,"0,0,3",2837.7,0,29.4,"0,0,2",23.9,"0,0,3",-1.1,"0,0,2",0,"0,0,3",0.6,"0,0,2",0,"0,0,3",9.8,"0,0,2",10.1,"0,0,3",13.4,"0,0,2",11.3,"0,0,3",430.7," ,0",,,1195," ,0",11.83,0,18.2,0,5.46,0,182010,X,,,,,140,X,,,,,,,30.4,X,,
USW00024127,1998,40.7781,-111.9694,1287.8,"SALT LAKE CITY INTERNATIONAL AIRPORT, UT US",3.9,X,591,,591,0,112,0,59,0,2,0,39,,19,0,0,0,102,0,14,0,130,0,50,0,94, ,7, ,44, ,-17.2,"0,1221, ",432," ,0,0226, ",274," ,0,0225, ",37.6," ,0,0617, ",38.9,"0,0719,+",0,"0,1103",-2.2,"0,1107",-8.3,"0,1205",-8.3,"0,1205",-11.7,"0,1209",0,"0,0418",-2.2,"0,0318",-4.4,"0,0309",-10,"0,0308",-10,"0,0308",3064.4,4,,,,,3064.4,0,,,,,,,,,,,,,,,,,,,,,605.2," ,0",,,1665," ,0",11.56,0,17.24,0,5.89,0,162473,X,210,X,,,,,,,21,X,,,,,,
USW00024127,1999,40.7781,-111.9694,1287.8,"SALT LAKE CITY INTERNATIONAL AIRPORT, UT US",3.9,X,576,,576,0,81,0,43,0,0,0,34,,17,0,0,0,116,0,11,0,150,0,46,0,65, ,13, ,34, ,-11.1,"0,1204, ",203," ,0,1203, ",140," ,0,1121, ",22.6," ,0,0503, ",37.8,"0,0724,+",-1.7,"0,1016",-2.2,"0,1113",-5,"0,1122",-7.2,"0,1123",-8.9,"0,1203",-1.1,"0,0511",-2.2,"0,0416",-5,"0,0310",-6.7,"0,0305",-9.4,"0,0212",3065.7,7,21.7,"0,0,2",22.2,"0,0,3",3065.7,0,25,"0,0,2",23.3,"0,0,3",0,"0,0,2",0,"0,0,3",1.7,"0,0,2",1.7,"0,0,3",10.2,"0,0,2",10.7,"0,0,3",12.7,"0,0,2",11.6,"0,0,3",344," ,0",,,1195," ,0",11.75,0,18.04,0,5.47,0,188961,X,180,X,180,X,,,,,21,X,27.7,X,,,,
USW00024127,2000,40.7781,-111.9694,1287.8,"SALT LAKE CITY INTERNATIONAL AIRPORT, UT US",3.8,X,721.4,,721.4,0,94,0,53,0,2,0,41,,20,0,0,0,112,0,19,0,152,0,66,0,100, ,17, ,33, ,-11.7,"0,1229, ",127," ,0,1113,+",155," ,0,1109, ",33.3," ,0,0830, ",39.4,"0,0801,+",-1.1,"0,1102",-2.8,"0,1103",-5.6,"0,1107",-6.7,"0,1110",-9.4,"0,1111",-1.1,"0,0401",-2.8,"0,0322",-6.7,"0,0320",-6.7,"0,0320",-10.6,"0,0106",2739.9,9,,,,,2739.9,0,,,,,,,,,,,,,,,,,,,,,416.1," ,0",,,1441," ,0",12.03,0,17.98,0,6.08,0,185017,X,240,X,280,X,,,,,18.3,X,24.6,X,,,,
USW00024127,2001,40.7781,-111.9694,1287.8,"SALT LAKE CITY INTERNATIONAL AIRPORT, UT US",3.7,X,780.8,,780.8,0,89,0,44,0,1,0,53,,23,0,0,0,115,0,34,0,164,0,74,0,96, ,27, ,26, ,-13.9,"0,1225,+",178," ,0,1126, ",264," ,0,1125, ",32.3," ,0,1122, ",40,"0,0704, ",0,"0,1012",-2.2,"0,1109",-5,"0,1126",-9.4,"0,1127",-9.4,"0,1127",-0.6,"0,0413",-3.9,"0,0409",-4.4,"0,0228",-8.3,"0,0215",-9.4,"0,0210",3247.6,6,21.7,"0,0,2",21.7,"0,0,3",3247.6,0,23.3,"0,0,2",23.9,"0,0,3",0,"0,0,2",0.6,"0,0,3",1.1,"0,0,2",1.1,"0,0,3",10.8,"0,0,2",10.7,"0,0,3",12.1,"0,0,2",12.1,"0,0,3",382.8," ,0",,,1872," ,0",12.05,0,18.06,0,6.03,0,,,320,X,180,X,,,,,21.5,X,24.6,X,,,,
USW00024127,2002,40.7781,-111.9694,1287.8,"SALT LAKE CITY INTERNATIONAL AIRPORT, UT US",3.6,X,702.7,,702.7,0,67,0,30,0,0,0,43,,11,0,1,0,135,0,25,0,144,0,67,0,83, ,20, ,26, ,-20.6,"0,0130, ",152," ,0,0317, ",213," ,0,0317, ",19.3," ,0,0317, ",41.7,"0,0713, ",0,"0,1013",-6.7,"0,1031",-6.7,"0,1031",-6.7,"0,1031",,,-3.3,"0,0508",-3.3,"0,0508",-6.7,"0,0319",-6.7,"0,0319",-9.4,"0,0309",3309.3,3,23.3,"0,0,2",22.8,"0,0,3",3309.3,0,24.4,"0,0,2",25.6,"0,0,3",-1.1,"0,0,2",-1.1,"0,0,3",-0.6,"0,0,2",-0.6,"0,0,3",10.1,"0,0,2",9.7,"0,0,3",11.2,"0,0,2",11.4,"0,0,3",261.7," ,0",,,977," ,0",11.03,0,17.27,0,4.79,0,,,190,X,190,X,,,,,23.7,X,28.6,X,,,,
USW00024127,2003,40.7781,-111.9694,1287.8,"SALT LAKE CITY INTERNATIONAL AIRPORT, UT US",3.7,X,836.3,,836.3,0,79,0,49,0,1,0,36,,21,0,0,0,108,0,11,0,165,0,67,0,83, ,18, ,28, ,-11.7,"0,0208,+",356," ,0,1228, ",269," ,0,1226, ",29," ,0,1225, ",40.6,"0,0715,+",0,"0,1026",-2.8,"0,1030",-7.8,"0,1122",-7.8,"0,1122",-9.4,"0,1123",-1.1,"0,0408",-2.8,"0,0404",-4.4,"0,0305",-6.7,"0,0209",-11.7,"0,0208",2938.3,3,23.9,"0,0,2",23.3,"0,0,3",2938.3,0,25,"0,0,2",26.1,"0,0,3",0,"0,0,2",1.1,"0,0,3",0.6,"0,0,2",1.7,"0,0,3",11.2,"0,0,2",10.8,"0,0,3",12.3,"0,0,2",12.5,"0,0,3",405.4," ,0",,,1567," ,0",12.7,0,18.71,0,6.69,0,,,180,X,180,X,,,,,21,X,25.9,X,,,,
USW00024127,2004,40.7781,-111.9694,1287.8,"SALT LAKE CITY INTERNATIONAL AIRPORT, UT US",3.6,X,590.9,,590.9,0,95,0,43,0,2,0,61,,16,0,2,0,115,0,51,0,156,0,56,0,113, ,24, ,29, ,-20.6,"0,0213, ",203," ,0,0102,+",132," ,0,0228, ",35.6," ,0,0610, ",36.7,"0,0813,+",-1.1,"0,1031",-3.3,"0,1101",-4.4,"0,1121",-10.6,"0,1129",-10.6,"0,1129",0,"0,0411",-2.2,"0,0303",-4.4,"0,0302",-6.7,"0,0224",-8.9,"0,0220",3153.6,6,25,"0,0,2",23.9,"0,0,3",3153.6,0,26.1,"0,0,2",25,"0,0,3",-2.8,"0,0,2",-1.1,"0,0,3",-1.1,"0,0,2",0.6,"0,0,3",10.4,"0,0,2",10.4,"0,0,3",12.1,"0,0,2",11.9,"0,0,3",378.6," ,0",,,1062," ,0",11.11,0,16.82,0,5.41,0,,,290,X,290,X,,,,,21,X,31.7,X,,,,
USW00024127,2005,40.7781,-111.9694,1287.8,"SALT LAKE CITY INTERNATIONAL AIRPORT, UT US",3.8,X,652.9,,652.9,0,97,0,52,0,0,0,21,,7,0,0,0,111,0,15,0,142,0,59,0,91, ,11, ,40, ,-15,"0,1207, ",152," ,0,0207, ",193," ,0,0207, ",20.6," ,0,0511,+",39.4,"0,0720,+",0,"0,1112",-2.2,"0,1114",-5.6,"0,1115",-6.7,"0,1124",-15,"0,1207",0,"0,0405",-2.8,"0,0331",-5,"0,0314",-6.7,"0,0213",-11.7,"0,0208",3041.5,5,,,,,3041.5,0,,,,,,,,,,,,,,,,,,,,,429.3," ,0",,,733," ,0",11.82,0,17.78,0,5.86,0,,,190,X,150,X,,,,,18.3,X,22.8,X,,,,
USW00024127,2006,40.7781,-111.9694,1287.8,"SALT LAKE CITY INTERNATIONAL AIRPORT, UT US",3.8,W,766.4,,766.4,0,98,0,53,0,1,0,37,,19,0,0,0,122,0,20,0,148,0,67,0,112, ,12, ,44, ,-15.6,"0,1129, ",229," ,0,0216, ",173," ,0,1129, ",27.9," ,0,0406, ",40,"0,0722,+",-0.6,"0,1018",-3.9,"0,1031",-5,"0,1101",-15.6,"0,1129",-15.6,"0,1129",0,"0,0420",-2.2,"0,0402",-5.6,"0,0310",-11.1,"0,0221",-11.1,"0,0221",2923.8,8,,,,,2923.8,0,,,,,,,,,,,,,,,,,,,,,410.6," ,0",,,1431," ,0",12.05,0,18.21,0,5.88,0,,,200,X,190,X,,,,,28.2,X,33.5,X,,,,
USW00024127,2007,40.7781,-111.9694,1287.8,"SALT LAKE CITY INTERNATIONAL AIRPORT, UT US",3.6,W,892.9,,892.9,0,76,0,36,0,1,0,72,,17,0,1,0,111,0,38,0,156,0,78,0,104, ,14, ,17, ,-18.3,"0,0114, ",152," ,0,1225,+",152," ,0,1201, ",27.9," ,0,1207, ",40.6,"0,0715, ",0,"0,1022",-2.2,"0,1114",-4.4,"0,1121",-7.2,"0,1122",-10,"0,1212",0,"0,0413",-3.3,"0,0411",-5,"0,0304",-8.9,"0,0303",-8.9,"0,0303",3167.1,1,25,"0,0,2",23.9,"0,0,3",3167.1,0,30.6,"0,0,2",28.9,"0,0,3",-1.1,"0,0,2",-2.2,"0,0,3",-1.1,"0,0,2",-2.2,"0,0,3",9.8,"0,0,2",10.2,"0,0,3",12.9,"0,0,2",11.8,"0,0,3",340.2," ,0",,,1453," ,0",12.08,0,18.53,0,5.63,0,,,320,X,320,X,,,,,21,X,25.9,X,,,,
USW00024127,2008,40.7781,-111.9694,1287.8,"SALT LAKE CITY INTERNATIONAL AIRPORT, UT US",3.5,W,701.5,,701.5,0,83,0,36,0,0,0,66,,25,0,1,0,139,0,29,0,148,0,63,0,114, ,20, ,21, ,-18.9,"0,0122, ",203," ,0,1226, ",183," ,0,1225, ",19.8," ,0,0831, ",39.4,"0,0801, ",0,"0,1010",-2.2,"0,1105",-4.4,"0,1205",-6.7,"0,1209",-10,"0,1216",-0.6,"0,0502",-2.8,"0,0421",-4.4,"0,0401",-7.8,"0,0216",-9.4,"0,0215",3465.4,4,22.2,"0,0,3",,,3465.4,0,27.2,"0,0,2",24.4,"0,0,3",-3.3,"0,0,3",,,-1.1,"0,0,2",-1.1,"0,0,3",9.7,"0,0,3",,,12.2,"0,0,2",11.2,"0,0,3",299," ,0",,,1706," ,0",11.05,0,17.33,0,4.77,0,,,170,X,180,X,,,,,21.5,X,25,X,,,,
USW00024127,2009,40.7781,-111.9694,1287.8,"SALT LAKE CITY INTERNATIONAL AIRPORT, UT US",3.4,W,615.7,,615.7,0,105,0,53,0,0,0,47,,17,0,1,0,128,0,24,0,147,0,51,0,123, ,16, ,46, ,-17.8,"0,1210, ",178," ,0,1231, ",137," ,0,1230, ",21.3," ,0,0930, ",38.9,"0,0723,+",0,"0,1026",-2.8,"0,1029",-5,"0,1114",-7.2,"0,1115",-9.4,"0,1203",0,"0,0406",-2.2,"0,0401",-4.4,"0,0327",-6.7,"0,0310",-10,"0,0127",3030.1,1,21.1,"0,0,2",,,3030.1,0,27.2,"0,0,2",,,-2.2,"0,0,2",,,-0.6,"0,0,2",,,9.5,"0,0,2",,,12,"0,0,2",,,403.3," ,0",,,1130," ,0",11.14,0,17.17,0,5.11,0,,,200,X,210,X,,,,,19.2,X,23.7,X,,,,
USW00024127,2010,40.7781,-111.9694,1287.8,"SALT LAKE CITY INTERNATIONAL AIRPORT, UT US",,,619.8,,619.8,0,109,0,49,0,1,0,42,,17,0,0,0,118,0,21,0,143,0,56,0,145, ,22, ,50, ,-17.2,"0,0108, ",254," ,0,1129, ",218," ,0,1128, ",28.4," ,0,0819, ",39.4,"0,0716, ",0,"0,1026",-8.3,"0,1123",-8.3,"0,1123",-8.3,"0,1123",-13.3,"0,1124",-0.6,"0,0507",-2.8,"0,0407",-4.4,"0,0311",-6.7,"0,0222",-11.7,"0,0113",3354.8,8,,,,,3354.8,0,,,,,,,,,,,,,,,,,,,,,475.5," ,0",,,1277," ,0",11.45,0,17.34,0,5.56,0,,,200,X,230,X,,,,,21.9,X,28.6,X,,,,
USW00024127,2011,40.7781,-111.9694,1287.8,"SALT LAKE CITY INTERNATIONAL AIRPORT, UT US",3.4,W,626.4,,626.4,X,100,X,52,X,1,X,28,,17,X,0,X,130,X,24,X,139,X,49,X,87, ,14, ,45, ,-15,"X,0101, ",152," ,X,0308, ",94," ,X,0216, ",28.2," ,X,0619, ",38.3,"X,0703, ",-1.1,"X,1026",-2.8,"X,1102",-4.4,"X,1109",-9.4,"X,1205",-9.4,"X,1205",0,"X,0501",-2.8,"X,0404",-4.4,"X,0217",-6.7,"X,0210",-11.1,"X,0203",3231.2,2,,,,,3231.2,X,,,,,,,,,,,,,,,,,,,,,486.7," ,X",,,1011," ,X",10.94,X,16.69,X,5.19,X,,,280,X,280,X,,,,,23.2,X,29.9,X,,,,
USW00024127,2012,40.7781,-111.9694,1287.8,"SALT LAKE CITY INTERNATIONAL AIRPORT, UT US",3.7,X,881.4,,881.4,X,74,X,39,X,1,X,31,,16,X,0,X,94,X,9,X,177,X,74,X,41, ,,,24, ,-11.1,"X,1231, ",203," ,X,1111, ",216," ,X,1110, ",27.2," ,X,1109, ",39.4,"X,0808,+",-1.7,"X,1026",-3.9,"X,1110",-6.1,"X,1111",-6.7,"X,1220",-8.9,"X,1229",-2.2,"X,0407",-2.2,"X,0407",-5,"X,0307",-6.7,"X,0128",-10.6,"X,0117",2812.2,2,,,,,2812.2,X,,,,,,,,,,,,,,,,,,,,,322.4," ,X",,,1218," ,X",13.61,X,19.9,X,7.31,X,,,280,X,280,X,,,,,19.2,X,26.4,X,,,,
USW00024127,2013,40.7781,-111.9694,1287.8,"SALT LAKE CITY INTERNATIONAL AIRPORT, UT US",3.2,W,967.7,,967.7,W,89,W,40,W,0,W,89,,18,W,2,W,115,W,49,W,152,W,78,W,19, ,1, ,21, ,-18.9,"W,0114, ",305," ,W,0128, ",236," ,W,0127, ",22.9," ,W,1219, ",40.6,"W,0629,+",-0.5,"W,1103",-4.9,"W,1123",-4.9,"W,1123",-13.2,"W,1204",-13.2,"W,1204",-0.5,"W,0423",-2.7,"W,0418",-4.4,"X,0324",-7.2,"X,0227",-10.6,"X,0224",3065.6,6,,,,,3065.6,W,,,,,,,,,,,,,,,,,,,,,296.2," ,W",,,1624," ,W",11.79,W,17.65,W,5.93,W,,,180,W,110,W,,,,,16.5,W,21.5,W,,,,
USW00024127,2014,40.7781,-111.9694,1287.8,"SALT LAKE CITY INTERNATIONAL AIRPORT, UT US",3.5,W,674.8,,674.8,W,92,W,48,W,1,W,33,,7,W,0,W,77,W,7,W,166,W,49,W,58, ,1, ,17, ,-17.1,"W,1231, ",200," ,W,0110, ",76," ,W,0108, ",31.8," ,W,0927, ",39.4,"W,0723,+",-1.6,"W,1104",-2.7,"W,1111",-4.9,"W,1112",-9.9,"W,1116",-9.9,"W,1116",0,"W,0430",-3.2,"W,0207",-6,"W,0206",-7.1,"W,0205",-9.3,"W,0122",2841,0,,,,,2841,W,,,,,,,,,,,,,,,,,,,,,367.7," ,W",,,491," ,W",13.07,W,19.15,W,6.98,W,,,270,W,280,W,,,,,20.1,W,27.7,W,,,,
USW00024127,2015,40.7781,-111.9694,1287.8,"SALT LAKE CITY INTERNATIONAL AIRPORT, UT US",3.4,W,785.4,,785.4,W,86,W,42,W,0,W,24,,6,W,0,W,96,W,14,W,168,W,58,W,87, ,5, ,44, ,-15.5,"W,1231, ",180," ,W,1217, ",208," ,W,1214, ",23.6," ,W,0916,+",40,"W,0629, ",-1.6,"W,1107",-3.2,"W,1117",-4.9,"W,1121",-7.1,"W,1201",-10.5,"W,1217",0,"W,0416",-2.7,"W,0305",-4.9,"W,0224",-11.6,"W,0102",-11.6,"W,0102",2457.9,9,,,,,2457.9,W,,,,,,,,,,,,,,,,,,,,,410.8," ,W",,,668," ,W",13.49,W,19.35,W,7.64,W,,,280,W,280,W,,,,,22.8,W,29.1,W,,,,
USW00024127,2016,40.7781,-111.9694,1287.8,"SALT LAKE CITY INTERNATIONAL AIRPORT, UT US",3.6,W,881.1,,881.1,W,93,W,38,W,0,W,40,,10,W,1,W,94,W,23,W,170,W,77,W,103, ,11, ,41, ,-18.2,"W,0101, ",200," ,W,1226, ",218," ,W,1225, ",23.4," ,W,1121, ",40,"W,0726, ",-1,"W,1117",-3.8,"W,1129",-5.5,"W,1206",-7.7,"W,1217",-9.3,"W,1218",-0.5,"W,0319",-2.7,"W,0223",-5.5,"W,0208",-7.1,"W,0204",-9.9,"W,0202",2704.1,1,,,,,2704.1,W,,,,,,,,,,,,,,,,,,,,,378.3," ,W",,,861," ,W",13.45,W,19.31,W,7.59,W,,,150,W,150,W,,,,,19.2,W,25.5,W,,,,
USW00024127,2017,40.7781,-111.9694,1287.8,"SALT LAKE CITY INTERNATIONAL AIRPORT, UT US",3.6,W,962.1,,962.1,W,87,W,42,W,2,W,35,,12,W,2,W,90,W,19,W,153,W,80,W,87, ,11, ,33, ,-21,"W,0107, ",250," ,W,0105, ",173," ,W,0102, ",50," ,W,0323, ",40.6,"W,0705, ",0,"W,1015",-3.2,"W,1108",-4.9,"W,1206",-7.7,"W,1226",-9.9,"W,1227",-1.6,"W,0307",-2.7,"W,0306",-5.5,"W,0228",-8.2,"W,0130",-11.6,"W,0129",2687.4,4,,,,,2687.4,W,,,,,,,,,,,,,,,,,,,,,407.3," ,W",,,1076," ,W",13.38,W,19.16,W,7.6,W,,,180,W,190,W,,,,,20.1,W,25.5,W,,,,
USW00024127,2018,40.7781,-111.9694,1287.8,"SALT LAKE CITY INTERNATIONAL AIRPORT, UT US",3.5,W,852.1,,852.1,W,80,W,39,W,0,W,36,,13,W,0,W,98,W,10,W,162,W,66,W,67, ,3, ,29, ,-11,"W,0223, ",180," ,W,0305,+",193," ,W,0304, ",18.3," ,W,0430, ",38.9,"W,0706, ",-1.6,"W,1015",-3.2,"W,1108",-5.5,"W,1112",-7.1,"W,1204",-9.3,"W,1228",-1.6,"W,0403",-2.7,"W,0307",-10.5,"W,0224",-10.5,"W,0224",-10.5,"W,0224",2533.3,3,,,,,2533.3,W,,,,,,,,,,,,,,,,,,,,,336.4," ,W",,,1289," ,W",13.42,W,19.23,W,7.61,W,,,170,W,170,W,,,,,19.2,W,24.6,W,,,,
USW00024127,2019,40.7781,-111.9694,1287.8,"SALT LAKE CITY INTERNATIONAL AIRPORT, UT US",3.6,W,773.8,,773.8,W,105,W,62,W,0,W,42,,15,W,0,W,115,W,18,W,136,W,60,W,107, ,11, ,38, ,-14.3,"W,0101, ",180," ,W,1129, ",114," ,W,1128, ",21.6," ,W,0328, ",39.4,"W,0722, ",-1,"W,1010",-5.5,"W,1028",-5.5,"W,1028",-8.2,"W,1029",-9.9,"W,1030",0,"W,0331",-2.7,"W,0304",-7.1,"W,0223",-7.1,"W,0223",-11,"W,0208",3017.5,5,,,,,3017.5,W,,,,,,,,,,,,,,,,,,,,,511.2," ,W",,,1124," ,W",11.95,W,17.42,W,6.48,W,,,300,W,300,W,,,,,19.2,W,26.8,W,,,,
USW00024127,2020,40.7781,-111.9694,1287.8,"SALT LAKE CITY INTERNATIONAL AIRPORT, UT US",,,,,,,,,,,,,,,,,,,,,,,,,,,51, ,5, ,15, ,,,,,,,,,,,,,,,,,,,,,,,,,,,,,,,2900.5,5,,,,,2900.5,D,,,,,,,,,,,,,,,,,,,,,,,,,,,,,,,,,,,,,,,,,,,,,,,,,,
