STATION,DATE,LATITUDE,LONGITUDE,ELEVATION,NAME,AWND,AWND_ATTRIBUTES,CDSD,CDSD_ATTRIBUTES,CLDD,CLDD_ATTRIBUTES,DP01,DP01_ATTRIBUTES,DP10,DP10_ATTRIBUTES,DP1X,DP1X_ATTRIBUTES,DSND,DSND_ATTRIBUTES,DSNW,DSNW_ATTRIBUTES,DT00,DT00_ATTRIBUTES,DT32,DT32_ATTRIBUTES,DX32,DX32_ATTRIBUTES,DX70,DX70_ATTRIBUTES,DX90,DX90_ATTRIBUTES,DYFG,DYFG_ATTRIBUTES,DYHF,DYHF_ATTRIBUTES,DYTS,DYTS_ATTRIBUTES,EMNT,EMNT_ATTRIBUTES,EMSD,EMSD_ATTRIBUTES,EMSN,EMSN_ATTRIBUTES,EMXP,EMXP_ATTRIBUTES,EMXT,EMXT_ATTRIBUTES,FZF0,FZF0_ATTRIBUTES,FZF1,FZF1_ATTRIBUTES,FZF2,FZF2_ATTRIBUTES,FZF3,FZF3_ATTRIBUTES,FZF4,FZF4_ATTRIBUTES,FZF5,FZF5_ATTRIBUTES,FZF6,FZF6_ATTRIBUTES,FZF7,FZF7_ATTRIBUTES,FZF8,FZF8_ATTRIBUTES,FZF9,FZF9_ATTRIBUTES,HDSD,HDSD_ATTRIBUTES,HTDD,HTDD_ATTRIBUTES,PRCP,PRCP_ATTRIBUTES,SNOW,SNOW_ATTRIBUTES,TAVG,TAVG_ATTRIBUTES,TMAX,TMAX_ATTRIBUTES,TMIN,TMIN_ATTRIBUTES,WDF1,WDF1_ATTRIBUTES,WDF2,WDF2_ATTRIBUTES,WDF5,WDF5_ATTRIBUTES,WDFG,WDFG_ATTRIBUTES,WSF1,WSF1_ATTRIBUTES,WSF2,WSF2_ATTRIBUTES,WSF5,WSF5_ATTRIBUTES,WSFG,WSFG_ATTRIBUTES
USW00024235,1948,42.6003,-123.3641,1168,"SEXTON SUMMIT, OR US",,,60.3,,60.3,0,159,0,99,0,7,0,,,40,0,0,0,158,0,24,0,73,0,2,0,200, ,,,9, ,-7.8,"0,1223, ",,,305," ,0,1202, ",80.8," ,0,0106, ",32.2,"0,0909,+",-0.6,"0,0923",-2.8,"0,1104",-4.4,"0,1126",-6.7,"0,1203",,,0,"X,0519",-2.2,"X,0501",-4.4,"X,0427",-6.7,"X,0206",,,,,,,1065.7," ,0",3956," ,0",7.24,0,11.81,0,2.67,0,,,,,,,,,,,,,,,,
USW00024235,1949,42.6003,-123.3641,1168,"SEXTON SUMMIT, OR US",,,75.4,,75.4,0,102,0,47,0,2,0,69,,24,0,0,0,119,0,34,0,101,0,1,0,158, ,,,6, ,-13.3,"0,0110,+",533," ,0,0208,+",221," ,0,1109, ",41.4," ,0,0222, ",33.3,"0,0714, ",0,"0,1006",-2.2,"0,1017",-5.6,"0,1019",-7.2,"0,1210",,,-1.1,"0,0517",-2.2,"0,0402",-5,"0,0328",-9.4,"0,0213",-9.4,"0,0213",3920.9,9,3920.9,0,513.3," ,0",2119," ,0",8.62,0,13.66,0,3.57,0,,,,,,,,,,,,,,,,
USW00024235,1950,42.6003,-123.3641,1168,"SEXTON SUMMIT, OR US",,,124.2,,124.2,0,151,0,99,0,6,0,69,,38,0,0,0,114,0,33,0,96,0,4,0,27, ,,,,,-13.3,"0,0103, ",1448," ,0,0116, ",320," ,0,0110, ",107.2," ,0,1028, ",33.3,"0,0816, ",-1.1,"0,0929",-3.9,"0,1114",,,,,,,0,"0,0607",-2.2,"0,0518",-5.6,"0,0328",-6.7,"0,0312",-8.9,"0,0311",3815.2,2,3815.2,0,1206.3," ,0",3329," ,0",8.52,0,13.17,0,3.86,0,,,,,,,,,,,,,,,,
USW00024235,1951,42.6003,-123.3641,1168,"SEXTON SUMMIT, OR US",,,141.6,,141.6,0,121,0,85,0,6,0,59,,34,0,0,0,108,0,27,0,118,0,0,0,,,,,4, ,-11.1,"0,0129, ",711," ,0,0310,+",196," ,0,1229, ",36.6," ,0,1023, ",31.1,"0,0909,+",0,"0,1110",-2.8,"0,1204",-4.4,"0,1205",-7.2,"0,1207",,,-0.6,"0,0529",-2.2,"0,0430",-4.4,"0,0330",-7.2,"0,0310",-9.4,"0,0130",3353.1,1,3353.1,0,1008.8," ,0",2975," ,0",9.16,0,14.03,0,4.28,0,,,,,,,,,,,,,,,,
USW00024235,1952,42.6003,-123.3641,1168,"SEXTON SUMMIT, OR US",,,230.7,,230.7,0,119,0,73,0,3,0,99,,43,0,0,0,112,0,37,0,112,0,3,0,,,,,,,-7.8,"0,0101, ",1727," ,0,0122, ",213," ,0,0318, ",37.6," ,0,1206, ",33.3,"0,0708, ",-0.6,"0,1112",-2.2,"0,1113",,,,,,,-1.7,"0,0612",-2.2,"0,0504",-5,"0,0321",-7.2,"0,0221",,,3761.3,3,3761.3,0,781," ,0",4406," ,0",9.25,0,13.77,0,4.73,0,,,,,,,,,,,,,,,,
USW00024235,1953,42.6003,-123.3641,1168,"SEXTON SUMMIT, OR US",,,107.7,,107.7,0,156,0,93,0,5,0,46,,30,0,0,0,103,0,11,0,73,0,1,0,,,,,2, ,-6.7,"0,0302, ",508," ,0,0321, ",239," ,0,0318, ",95.8," ,0,1122, ",32.2,"0,0811, ",0,"0,1021",-2.2,"0,1116",,,,,,,-1.1,"0,0526",-2.2,"0,0521",-4.4,"0,0409",-6.7,"0,0302",,,3543,0,3543,0,1103.5," ,0",2518," ,0",8.48,0,12.78,0,4.18,0,,,,,,,,,,,,,,,,
USW00024235,1954,42.6003,-123.3641,1168,"SEXTON SUMMIT, OR US",,,32,,32,0,118,0,70,0,7,0,61,,31,0,0,0,99,0,21,0,69,0,0,0,,,,,,,-7.8,"0,0125, ",1067," ,0,0127, ",417," ,0,0115, ",42.4," ,0,0127, ",28.9,"0,0713, ",-1.1,"0,1023",-3.3,"0,1128",-4.4,"0,1129",-7.2,"0,1227",,,0,"0,0606",-3.9,"0,0430",-4.4,"0,0317",-7.2,"0,0311",,,3424.2,2,3424.2,0,840.4," ,0",2879," ,0",8.57,0,13.07,0,4.08,0,,,,,,,,,,,,,,,,
USW00024235,1955,42.6003,-123.3641,1168,"SEXTON SUMMIT, OR US",,,126,,126,0,148,0,87,0,5,0,101,,46,0,0,0,136,0,38,0,71,0,4,0,,,,,,,-11.7,"0,1115, ",533," ,0,0121, ",224," ,0,0115, ",67.1," ,0,1221, ",36.1,"0,0904, ",-1.1,"0,1030",-3.9,"0,1111",-6.7,"0,1112",-6.7,"0,1112",-10,"0,1114",0,"0,0601",-3.3,"0,0513",-5.6,"0,0427",-6.7,"0,0315",,,3963.7,7,3963.7,0,931," ,0",3349," ,0",7.51,0,11.88,0,3.14,0,,,,,,,,,,,,,,,,
USW00024235,1956,42.6003,-123.3641,1168,"SEXTON SUMMIT, OR US",,,123,,123,0,132,0,77,0,8,0,105,,36,0,0,0,105,0,24,0,88,0,2,0,,,,,,,-12.8,"0,0216, ",1956," ,0,0306, ",318," ,0,0220, ",39.6," ,0,0106, ",33.3,"0,0718, ",-2.2,"0,1023",-2.2,"0,1023",-4.4,"0,1204",-7.2,"0,1206",,,0,"0,0527",-4.4,"0,0405",-4.4,"0,0405",-6.7,"0,0311",-8.9,"0,0306",3861.6,6,3861.6,0,907.3," ,0",3863," ,0",8.76,0,13.32,0,4.2,0,,,,,,,,,,,,,,,,
USW00024235,1957,42.6003,-123.3641,1168,"SEXTON SUMMIT, OR US",,,69,,69,0,128,0,80,0,6,0,68,,29,0,0,0,95,0,22,0,77,0,0,0,,,,,,,-10.6,"0,0128,+",457," ,0,0112, ",203," ,0,1217,+",44.5," ,0,0926, ",30,"0,0914,+",-0.6,"0,1003",-2.2,"0,1218",,,,,,,-0.6,"0,0520",-2.2,"0,0414",-5,"0,0321",-7.2,"0,0130",-9.4,"0,0129",3354,0,3354,0,920.7," ,0",2652," ,0",8.64,0,13.14,0,4.14,0,,,,,,,,,,,,,,,,
USW00024235,1958,42.6003,-123.3641,1168,"SEXTON SUMMIT, OR US",,,222.9,,222.9,0,136,0,82,0,6,0,47,,23,0,0,0,74,0,8,0,103,0,3,0,,,,,,,-8.9,"0,1116, ",711," ,0,0405,+",241," ,0,0330, ",52.1," ,0,0224, ",33.9,"0,0727, ",0,"0,1022",-4.4,"0,1114",-4.4,"0,1114",-7.2,"0,1115",-8.9,"0,1116",-1.7,"0,0512",-2.2,"0,0424",-4.4,"0,0307",,,,,3490.5,5,3490.5,0,917.7," ,0",2262," ,0",10.26,0,14.73,0,5.79,0,,,,,,,,,,,,,,,,
USW00024235,1959,42.6003,-123.3641,1168,"SEXTON SUMMIT, OR US",,,119.7,,119.7,0,101,0,58,0,4,0,42,,15,0,0,0,109,0,15,0,75,0,4,0,,,,,,,-9.4,"0,0103, ",889," ,0,0215, ",572," ,0,0214, ",56.1," ,0,0111, ",33.9,"0,0722,+",0,"0,1006",-2.2,"0,1104",-4.4,"0,1225",-7.8,"0,1231",,,-0.6,"0,0519",-2.2,"0,0504",-4.4,"0,0406",-7.2,"0,0104",-9.4,"0,0103",3386.9,9,3386.9,0,624.6," ,0",1775," ,0",8.55,0,13.32,0,3.78,0,,,,,,,,,,,,,,,,
USW00024235,1960,42.6003,-123.3641,1168,"SEXTON SUMMIT, OR US",,,171.5,,171.5,0,134,0,82,0,14,0,54,,25,0,0,0,125,0,15,0,101,0,6,0,,,,,,,-8.3,"0,0102,+",330," ,0,0116, ",218," ,0,0107, ",89.2," ,0,1123, ",33.9,"0,0808,+",0,"0,1008",-2.2,"0,1114",-5,"0,1127",,,,,-1.7,"0,0524",-2.2,"0,0522",-5,"0,0422",-7.8,"0,0301",,,3708.3,3,3708.3,0,1186.8," ,0",2311," ,0",8.77,0,13.37,0,4.17,0,,,,,,,,,,,,,,,,
USW00024235,1961,42.6003,-123.3641,1168,"SEXTON SUMMIT, OR US",,,181.4,,181.4,0,131,0,85,0,8,0,38,,27,0,0,0,112,0,14,0,90,0,7,0,,,,,,,-8.3,"0,1211, ",229," ,0,0311, ",216," ,0,1124, ",98.8," ,0,1123, ",35,"0,0615, ",0,"0,1007",-2.2,"0,1021",-5,"0,1115",-6.7,"0,1120",,,-1.1,"0,0523",-2.2,"0,0504",-5,"0,0422",,,,,3484.3,3,3484.3,0,1378.5," ,0",2277," ,0",8.82,0,13.36,0,4.27,0,,,,,,,,,,,,,,,,
USW00024235,1962,42.6003,-123.3641,1168,"SEXTON SUMMIT, OR US",,,107.9,,107.9,0,113,0,71,0,13,0,41,,15,0,1,0,98,0,22,0,84,0,0,0,,,,,,,-18.9,"0,0121, ",356," ,0,0303, ",216," ,0,0119, ",54.6," ,0,1009, ",31.7,"0,0727,+",-0.6,"0,1114",-2.2,"0,1127",-4.4,"0,1129",-7.2,"0,1224",,,0,"0,0604",-2.2,"0,0513",-6.1,"0,0312",-10.6,"0,0227",-10.6,"0,0227",3750.4,4,3750.4,0,1043," ,0",1466," ,0",8.8,0,13.46,0,4.13,0,,,,,,,,,,,,,,,,
USW00024235,1963,42.6003,-123.3641,1168,"SEXTON SUMMIT, OR US",,,79.8,,79.8,0,139,0,87,0,12,0,29,,21,0,0,0,92,0,15,0,73,0,0,0,,,,,,,-11.1,"0,0111, ",356," ,0,0419, ",208," ,0,0415, ",72.6," ,0,0505, ",30.6,"0,0926,+",0,"0,1030",-4.4,"0,1120",-4.4,"0,1120",,,,,0,"0,0512",-3.3,"0,0421",-6.1,"0,0420",-9.4,"0,0112",-9.4,"0,0112",3488.6,6,3488.6,0,1285.4," ,0",1591," ,0",8.59,0,12.96,0,4.23,0,,,,,,,,,,,,,,,,
USW00024235,1964,42.6003,-123.3641,1168,"SEXTON SUMMIT, OR US",,,,,,,126,0,82,0,12,0,84,,41,0,,,,,32,0,80,0,2,0,,,,,,,,,762," ,0,0124, ",279," ,0,0117, ",100.3," ,0,1221, ",32.2,"0,0822,+",,,,,,,,,,,,,,,,,,,,,3804.7,7,3804.7,0,1201.6," ,0",4389," ,0",,,12.77,0,,,,,,,,,,,,,,,,,,
USW00024235,1965,42.6003,-123.3641,1168,"SEXTON SUMMIT, OR US",,,117.6,,117.6,0,102,0,55,0,6,0,42,,22,0,0,0,104,0,22,0,95,0,2,0,,,29, ,,,-7.2,"0,1231,+",1346," ,0,0108,+",826," ,0,1228, ",78.7," ,0,1228, ",32.8,"0,0730, ",0,"0,0917",-2.8,"0,1124",-4.4,"0,1212",-6.7,"0,1223",,,0,"0,0524",-2.2,"0,0517",-5.6,"0,0506",-7.2,"0,0103",,,,,,,688.3," ,0",3232," ,0",9.08,0,14.03,0,4.13,0,90,X,,,,,,,22.8,X,,,,,,
USW00024235,1966,42.6003,-123.3641,1168,"SEXTON SUMMIT, OR US",,,102.3,,102.3,0,126,0,64,0,8,0,91,,21,0,0,0,124,0,20,0,102,0,1,0,,,,,,,-7.2,"0,0303,+",1727," ,0,0103, ",213," ,0,1121, ",67.1," ,0,1114, ",33.9,"0,0615, ",-1.1,"0,1011",-2.2,"0,1012",-4.4,"0,1226",,,,,-1.1,"0,0603",-2.8,"0,0601",-6.7,"0,0317",-6.7,"0,0317",,,3544.2,2,3544.2,0,837.2," ,0",1980," ,0",8.8,0,13.78,0,3.83,0,,,,,,,,,,,,,,,,
USW00024235,1967,42.6003,-123.3641,1168,"SEXTON SUMMIT, OR US",,,234.1,,234.1,0,113,0,55,0,2,0,69,,27,0,0,0,126,0,31,0,110,0,7,0,,,,,,,-10,"0,1214,+",483," ,0,1221,+",272," ,0,0213, ",27.9," ,0,1002, ",33.9,"0,0815, ",0,"0,1118",-2.8,"0,1125",-4.4,"0,1205",-8.3,"0,1212",-10,"0,1213",-0.6,"0,0531",-2.8,"0,0510",-5,"0,0428",,,,,3661.6,6,3661.6,0,528.3," ,0",2761," ,0",9.13,0,13.82,0,4.42,0,,,,,,,,,,,,,,,,
USW00024235,1968,42.6003,-123.3641,1168,"SEXTON SUMMIT, OR US",,,152.1,,152.1,0,121,0,82,0,6,0,54,,27,0,0,0,113,0,27,0,83,0,4,0,,,,,,,-10.6,"0,1221, ",457," ,0,0201,+",188," ,0,1215, ",36.6," ,0,1029, ",32.2,"0,0831,+",-0.6,"0,1014",-2.2,"0,1114",-4.4,"0,1130",-8.3,"0,1219",-10,"0,1220",0,"0,0514",-4.4,"0,0506",-4.4,"0,0506",-8.3,"0,0128",,,3461.3,3,3461.3,0,860.3," ,0",2318," ,0",8.58,0,13.14,0,4.02,0,,,,,,,,,,,,,,,,
USW00024235,1969,42.6003,-123.3641,1168,"SEXTON SUMMIT, OR US",,,97.8,,97.8,0,133,0,78,0,11,0,95,,34,0,0,0,107,0,28,0,85,0,0,0,,,,,,,-10,"0,0123, ",2210," ,0,0201, ",866," ,0,0131, ",82.8," ,0,0131, ",31.1,"0,0603, ",-1.7,"0,1115",-2.2,"0,1226",,,,,,,-0.6,"0,0504",-2.2,"0,0502",-4.4,"0,0429",-6.7,"0,0131",-8.9,"0,0129",3852.8,8,3852.8,0,1122," ,0",3823," ,0",8.57,0,12.89,0,4.24,0,,,,,,,,,,,,,,,,
USW00024235,1970,42.6003,-123.3641,1168,"SEXTON SUMMIT, OR US",,,185.3,,185.3,0,124,0,79,0,16,0,51,,26,0,0,0,117,0,18,0,106,0,5,0,,,,,,,-6.1,"0,0105, ",457," ,0,1203, ",267," ,0,1201, ",69.9," ,0,0126, ",33.3,"0,0620, ",0,"0,1007",-2.2,"0,1026",-5,"0,1121",,,,,0,"0,0513",-2.2,"0,0512",-5.6,"0,0427",,,,,3475.4,4,3475.4,0,1300.2," ,0",2431," ,0",8.98,0,13.52,0,4.43,0,,,,,,,,,,,,,,,,
USW00024235,1971,42.6003,-123.3641,1168,"SEXTON SUMMIT, OR US",,,167.9,,167.9,0,135,0,100,0,10,0,,,45,0,0,0,147,0,35,0,86,0,3,0,,,,,,,-10.6,"0,0102, ",,,445," ,0,1210, ",72.1," ,0,1109, ",36.1,"0,0811, ",-0.6,"0,0929",-5.6,"0,1027",-5.6,"0,1027",-6.7,"0,1028",,,0,"0,0601",-2.8,"0,0517",-5,"0,0421",-9.4,"0,0301",-9.4,"0,0301",3853.2,2,3853.2,0,1290.6," ,0",5278," ,0",7.72,0,12.12,0,3.33,0,,,,,,,,,,,,,,,,
USW00024235,1972,42.6003,-123.3641,1168,"SEXTON SUMMIT, OR US",,,200.9,,200.9,0,131,0,87,0,8,0,,,26,0,0,0,108,0,31,0,91,0,7,0,,,,,,,-16.7,"0,1208, ",,,353," ,0,0222, ",65.5," ,0,0122, ",36.1,"0,0807, ",0,"0,0927",-2.2,"0,1029",-5.6,"0,1203",-9.4,"0,1204",-9.4,"0,1204",-0.6,"0,0524",-2.2,"0,0430",-5.6,"0,0429",-6.7,"0,0418",-8.9,"0,0201",3827.7,7,3827.7,0,1158.7," ,0",2826," ,0",8.61,0,13.27,0,3.95,0,,,,,,,,,,,,,,,,
USW00024235,1973,42.6003,-123.3641,1168,"SEXTON SUMMIT, OR US",,,144.1,,144.1,0,141,0,105,0,15,0,60,,40,0,0,0,126,0,25,0,85,0,0,0,,,,,,,-7.8,"0,0107,+",381," ,0,1126, ",251," ,0,0319, ",92.2," ,0,1105, ",31.7,"0,0728, ",0,"0,1002",-2.2,"0,1101",-5,"0,1118",,,,,0,"0,0617",-2.8,"0,0428",-5,"0,0317",-6.7,"0,0126",,,3714.9,9,3714.9,0,1485.4," ,0",3456," ,0",8.27,0,12.92,0,3.62,0,190,X,,,,,,,24.1,X,,,,,,
USW00024235,1974,42.6003,-123.3641,1168,"SEXTON SUMMIT, OR US",,,182.6,,182.6,0,119,0,65,0,11,0,46,,28,0,0,0,146,0,26,0,97,0,2,0,,,,,,,-11.7,"0,0106, ",635," ,0,0307,+",254," ,0,0221, ",133.4," ,0,0115, ",32.2,"0,0924,+",-0.6,"0,1028",-3.3,"0,1121",-4.4,"0,1222",-7.2,"0,1223",,,0,"0,0607",-2.2,"0,0518",-5,"0,0412",-8.9,"0,0308",-8.9,"0,0308",4111.2,2,4111.2,0,1129.7," ,0",2948," ,0",8.2,0,12.87,0,3.53,0,170,X,,,,,,,20.6,X,,,,,,
USW00024235,1975,42.6003,-123.3641,1168,"SEXTON SUMMIT, OR US",,,149.1,,149.1,0,144,0,93,0,9,0,99,,42,0,0,0,125,0,35,0,86,0,2,0,,,,,,,-7.8,"0,0130,+",889," ,0,0205, ",315," ,0,0321, ",38.6," ,0,1204, ",33.3,"0,0905,+",-1.1,"0,1022",-2.2,"0,1108",-4.4,"0,1116",-6.7,"0,1118",,,-0.6,"0,0524",-2.2,"0,0504",-5,"0,0416",-7.2,"0,0221",,,3789.4,4,3789.4,0,984," ,0",4301," ,0",8.12,0,12.47,0,3.77,0,200,X,,,,,,,19.7,X,,,,,,
USW00024235,1976,42.6003,-123.3641,1168,"SEXTON SUMMIT, OR US",,,87.7,,87.7,0,101,0,51,0,2,0,32,,14,0,0,0,93,0,11,0,90,0,0,0,,,,,,,-10.6,"0,0205,+",203," ,0,0401,+",277," ,0,0331, ",28.7," ,0,0806, ",30.6,"0,0830,+",-1.1,"0,1125",-2.8,"0,1126",,,,,,,0,"0,0603",-2.8,"0,0426",-5,"0,0416",-6.7,"0,0401",-10.6,"0,0205",3741.2,2,3741.2,0,465.9," ,0",1384," ,0",9.44,0,14.13,0,4.75,0,210,X,,,,,,,19.2,X,,,,,,
USW00024235,1977,42.6003,-123.3641,1168,"SEXTON SUMMIT, OR US",,,156.1,,156.1,0,130,0,85,0,2,0,50,,27,0,0,0,96,0,15,0,90,0,6,0,,,,,,,-8.3,"0,1120,+",279," ,0,0304,+",191," ,0,1216, ",45.7," ,0,0928, ",35,"0,0816, ",-0.6,"0,1103",-2.2,"0,1108",-4.4,"0,1117",-7.8,"0,1118",,,-1.1,"0,0527",-2.2,"0,0506",-4.4,"0,0329",,,,,3038.7,7,3038.7,0,746.2," ,0",2377," ,0",9.12,0,13.66,0,4.57,0,,,,,,,,,,,,,,,,
USW00024235,1978,42.6003,-123.3641,1168,"SEXTON SUMMIT, OR US",,,124.5,,124.5,0,130,0,69,0,5,0,24,,16,0,0,0,107,0,13,0,73,0,6,0,,,,,,,-9.4,"0,1230,+",152," ,0,0405, ",102," ,0,0405, ",54.9," ,0,0628, ",35.6,"0,0807, ",0,"0,0918",-3.9,"0,1109",-8.9,"0,1110",-8.9,"0,1110",-8.9,"0,1110",0,"0,0525",-2.8,"0,0505",-6.1,"0,0211",,,,,3620.9,9,3620.9,0,668," ,0",995," ,0",8.52,0,12.83,0,4.22,0,,,,,,,180,X,,,,,,,24.7,X
USW00024235,1979,42.6003,-123.3641,1168,"SEXTON SUMMIT, OR US",,,120.8,,120.8,0,125,0,82,0,6,0,49,,21,0,0,0,82,0,11,0,90,0,2,0,,,,,,,-8.3,"0,0129, ",356," ,0,0224, ",244," ,0,1223, ",48.5," ,0,1024, ",33.3,"0,0717, ",0,"0,1117",-3.3,"0,1125",,,,,,,0,"0,0528",-2.2,"0,0419",-6.7,"0,0202",-6.7,"0,0202",,,3656.8,8,3656.8,0,928.1," ,0",1656," ,0",9.42,0,13.78,0,5.06,0,,,,,,,135,X,,,,,,,24.2,X
USW00024235,1980,42.6003,-123.3641,1168,"SEXTON SUMMIT, OR US",,,90.5,,90.5,0,94,0,63,0,6,0,18,,14,0,0,0,77,0,8,0,81,0,0,0,,,,,,,-11.7,"0,0128, ",178," ,0,0407, ",206," ,0,0406, ",66.5," ,0,1202, ",31.7,"0,0721, ",0,"0,1110",-2.2,"0,1112",-5,"0,1206",,,,,0,"0,0524",-2.8,"0,0407",-4.4,"0,0316",-11.1,"0,0129",-11.1,"0,0129",3507.6,6,3507.6,0,753.2," ,0",1203," ,0",9.2,0,13.67,0,4.74,0,,,,,,,,,,,,,,,,
USW00024235,1981,42.6003,-123.3641,1168,"SEXTON SUMMIT, OR US",,,174.8,,174.8,0,125,0,73,0,8,0,30,,14,0,0,0,82,0,7,0,83,0,8,0,,,,,,,-4.4,"0,1230, ",152," ,0,1127, ",165," ,0,1231, ",52.3," ,0,1116, ",36.1,"0,0808, ",0,"0,1028",-2.2,"0,1125",-4.4,"0,1230",,,,,-0.6,"0,0516",-2.2,"0,0410",,,,,,,3155.4,4,3155.4,0,924.4," ,0",1237," ,0",9.4,0,13.87,0,4.93,0,,,,,,,,,,,,,,,,
USW00024235,1982,42.6003,-123.3641,1168,"SEXTON SUMMIT, OR US",,,100.6,,100.6,0,120,0,76,0,4,0,106,,35,0,0,0,116,0,24,0,68,0,0,0,,,,,,,-9.4,"0,0106, ",1168," ,0,0407, ",185," ,0,0102, ",54.9," ,0,1215, ",31.1,"0,0727,+",0,"0,1018",-2.2,"0,1222",-4.4,"0,1224",,,,,0,"0,0603",-3.3,"0,0418",-4.4,"0,0329",-9.4,"0,0106",-9.4,"0,0106",3715.7,7,3715.7,0,831.1," ,0",3032," ,0",7.97,0,12.18,0,3.76,0,,,,,,,,,,,,,,,,
USW00024235,1983,42.6003,-123.3641,1168,"SEXTON SUMMIT, OR US",,,55.4,,55.4,0,154,0,97,0,9,0,48,,28,0,0,0,91,0,10,0,53,0,0,0,,,,,,,-12.8,"0,1222, ",254," ,0,0210, ",358," ,0,0209, ",81.3," ,0,0217, ",31.7,"0,0528, ",-0.6,"0,1107",-2.2,"0,1204",-4.4,"0,1220",-11.7,"0,1221",-11.7,"0,1221",0,"0,0511",-2.8,"0,0510",,,,,,,3780.2,2,3780.2,0,1142.7," ,0",2575," ,0",7.98,0,11.92,0,4.05,0,,,,,,,,,,,,,,,,
USW00024235,1984,42.6003,-123.3641,1168,"SEXTON SUMMIT, OR US",3.9,X,92.9,,92.9,0,132,0,69,0,7,0,50,,23,0,0,0,119,0,15,0,80,0,0,0,161, ,153, ,,,-5.6,"0,1216, ",254," ,0,0225, ",246," ,0,0224, ",44.5," ,0,1112, ",31.1,"0,0715, ",-1.1,"0,1015",-2.2,"0,1121",-4.4,"0,1210",,,,,0,"0,0531",-2.8,"0,0506",-4.4,"0,0222",,,,,3795.5,5,3795.5,0,804.2," ,0",2234," ,0",8.23,0,12.58,0,3.88,0,,,,,,,,,,,,,,,,
USW00024235,1985,42.6003,-123.3641,1168,"SEXTON SUMMIT, OR US",3.5,X,128.1,,128.1,0,103,0,49,0,0,0,60,,22,0,0,0,100,0,33,0,84,0,3,0,123, ,113, ,4, ,-8.3,"0,1130,+",432," ,0,0328, ",191," ,0,0326, ",20.8," ,0,0211, ",32.8,"0,0617, ",-1.7,"0,1008",-2.8,"0,1009",-4.4,"0,1109",-6.7,"0,1112",,,-0.6,"0,0514",-2.2,"0,0425",-5,"0,0325",-8.3,"0,0204",,,3664.2,2,3664.2,0,377.7," ,0",1625," ,0",8.93,0,13.38,0,4.49,0,,,,,,,,,,,,,,,,
USW00024235,1986,42.6003,-123.3641,1168,"SEXTON SUMMIT, OR US",3.8,X,142,,142,0,117,0,71,0,6,0,10,,13,0,0,0,65,0,0,0,85,0,2,0,131, ,125, ,1, ,-3.9,"0,0314,+",102," ,0,0506, ",142," ,0,0202, ",39.4," ,0,0218, ",32.8,"0,0530, ",0,"0,1107",,,,,,,,,-0.6,"0,0522",-2.2,"0,0510",,,,,,,3413.3,3,3413.3,0,806," ,0",812," ,0",9.67,0,13.93,0,5.4,0,,,,,,,,,,,,,,,,
USW00024235,1987,42.6003,-123.3641,1168,"SEXTON SUMMIT, OR US",3.7,X,204.9,,204.9,0,102,0,62,0,3,0,44,,20,0,0,0,95,0,14,0,112,0,6,0,122, ,116, ,1, ,-7.8,"0,0115, ",381," ,0,1208, ",208," ,0,0201, ",48.3," ,0,0201, ",33.9,"0,0830, ",-0.6,"0,1114",-2.2,"0,1207",-5.6,"0,1212",-7.2,"0,1213",,,0,"0,0519",-3.3,"0,0419",-5.6,"0,0225",-6.7,"0,0116",,,3293.9,9,3293.9,0,643.1," ,0",2004," ,0",10.1,0,14.78,0,5.42,0,,,,,,,,,,,,,,,,
USW00024235,1988,42.6003,-123.3641,1168,"SEXTON SUMMIT, OR US",3.6,X,186,,186,0,111,0,71,0,1,0,54,,28,0,0,0,92,0,17,0,108,0,8,0,128, ,119, ,3, ,-7.2,"0,1226, ",686," ,0,1229,+",196," ,0,0115, ",36.6," ,0,1122, ",35,"0,0902, ",-1.1,"0,1113",-2.8,"0,1118",-5.6,"0,1225",-7.2,"0,1226",,,0,"0,0530",-2.8,"0,0501",-5.6,"0,0202",,,,,3325.1,1,3325.1,0,611.4," ,0",2341," ,0",9.9,0,14.6,0,5.21,0,,,,,,,,,,,,,,,,
USW00024235,1989,42.6003,-123.3641,1168,"SEXTON SUMMIT, OR US",,,53.1,,53.1,0,107,0,64,0,1,0,65,,19,0,0,0,83,0,17,0,76,0,0,0,42, ,,,1, ,-16.1,"0,0205, ",660," ,0,0102,+",254," ,0,0425, ",25.4," ,0,0425, ",28.3,"0,0922,+",-0.6,"0,1028",,,,,,,,,-1.1,"0,0523",-2.2,"0,0326",-7.8,"0,0303",-7.8,"0,0303",-9.4,"0,0207",3359.6,6,3359.6,0,581.6," ,0",1763," ,0",9.05,0,13.54,0,4.56,0,,,,,,,,,,,,,,,,
USW00024235,1991,42.6003,-123.3641,1168,"SEXTON SUMMIT, OR US",,,208.8,,208.8,0,91,0,59,0,5,0,22,,16,0,0,0,67,0,1,0,95,0,3,0,,,,,,,-4.4,"0,0311,+",152," ,0,0312, ",183," ,0,1218, ",34.5," ,0,0303, ",32.8,"0,0702, ",0,"0,1027",-2.8,"0,1129",,,,,,,0,"0,0604",-3.3,"0,0411",-4.4,"0,0311",,,,,,,,,604.8," ,0",1219," ,0",9.99,0,14.41,0,5.57,0,,,,,,,,,,,,,,,,
USW00024235,1992,42.6003,-123.3641,1168,"SEXTON SUMMIT, OR US",,,,,,,,,,,,,,,,,,,,,,,,,,,,,,,,,,,,,,,,,,,,,,,,,,,,,,,,,,,,,,,2632.8,8,2632.8,0,,,,,,,,,,,,,,,,,,,,,,,,,,
USW00024235,1997,42.6003,-123.3641,1168,"SEXTON SUMMIT, OR US",,,57.2,,57.2,M,,,,,,,,,,,0,M,80,M,13,M,76,M,0,M,,,,,,,-10,"M,0113, ",,,,,,,28.9,"M,0814, ",0,"M,1009",-2.8,"M,1209",-5,"M,1222",,,,,-2.2,"M,0501",-2.2,"M,0501",-5,"M,0304",-6.7,"M,0123",-10,"M,0113",3515.2,2,3515.2,M,,,,,8.76,M,12.8,M,4.72,M,,,,,,,,,,,,,,,,
USW00024235,1998,42.6003,-123.3641,1168,"SEXTON SUMMIT, OR US",,,166.6,,166.6,W,,,,,,,,,,,0,W,111,W,20,W,84,W,6,W,,,,,,,-13.3,"W,1220, ",,,,,,,35,"W,0804, ",0,"W,1029",-2.8,"W,1203",-4.4,"W,1204",-7.2,"W,1219",-13.3,"W,1220",-0.6,"W,0526",-3.3,"W,0412",,,,,,,3738.5,5,3738.5,W,,,,,8.38,W,12.18,W,4.58,W,,,,,,,,,,,,,,,,
USW00024235,1999,42.6003,-123.3641,1168,"SEXTON SUMMIT, OR US",4.3,X,135.7,,135.7,0,132,0,77,0,7,0,,,,,0,0,116,0,21,0,96,0,0,0,159, ,149, ,1, ,-6.1,"0,0209, ",,,,,41.4," ,0,1027, ",30.6,"0,0709, ",0,"0,1015",-3.3,"0,1026",,,,,,,0,"0,0608",-3.9,"0,0509",-5,"0,0409",,,,,3788.3,3,3788.3,0,897," ,0",,,8.9,0,13.21,0,4.58,0,,,180,X,180,X,,,,,17.9,X,24.1,X,,
USW00024235,2000,42.6003,-123.3641,1168,"SEXTON SUMMIT, OR US",4.2,X,85.5,,85.5,0,131,0,74,0,7,0,,,,,0,0,94,0,8,0,89,0,0,0,214, ,193, ,5, ,-4.4,"0,1111, ",,,,,72.1," ,0,0113, ",30.6,"0,0808, ",0,"0,1106",-2.2,"0,1109",-4.4,"0,1111",,,,,0,"0,0531",-2.2,"0,0510",,,,,,,3275.9,9,3275.9,0,838.4," ,0",,,9.1,0,13.42,0,4.78,0,,,180,X,190,X,,,,,21,X,28.6,X,,
USW00024235,2001,42.6003,-123.3641,1168,"SEXTON SUMMIT, OR US",4.3,X,133.5,,133.5,0,91,0,40,0,2,0,,,,,0,0,100,0,14,0,101,0,1,0,191, ,171, ,3, ,-5.6,"0,0212,+",,,,,26.7," ,0,1128, ",33.3,"0,0809, ",0,"0,1122",-2.2,"0,1126",,,,,,,0,"0,0603",-2.2,"0,0502",-4.4,"0,0303",,,,,3461.5,5,3461.5,0,407.7," ,0",,,9.35,0,13.78,0,4.93,0,,,200,X,200,X,,,,,16.5,X,23.7,X,,
USW00024235,2002,42.6003,-123.3641,1168,"SEXTON SUMMIT, OR US",4.2,X,174.4,,174.4,0,101,0,65,0,10,0,,,,,0,0,85,0,17,0,98,0,4,0,182, ,163, ,1, ,-7.2,"0,0307, ",,,,,72.9," ,0,1227, ",36.1,"0,0813, ",-1.7,"0,1030",-2.2,"0,1223",,,,,,,0,"0,0608",-3.9,"0,0507",-6.1,"0,0318",-6.7,"0,0308",,,3448.4,4,3448.4,0,953," ,0",,,9.66,0,14.23,0,5.09,0,,,190,X,240,X,,,,,17,X,23.2,X,,
USW00024235,2003,42.6003,-123.3641,1168,"SEXTON SUMMIT, OR US",4.2,X,226.4,,226.4,0,144,0,85,0,6,0,,,,,0,0,94,0,13,0,110,0,8,0,218, ,172, ,1, ,-6.7,"0,1122, ",,,,,65.8," ,0,1213, ",35.6,"0,0729, ",-0.6,"0,1029",-3.3,"0,1031",-6.7,"0,1122",-6.7,"0,1122",,,-2.2,"0,0518",-2.2,"0,0518",,,,,,,3184.1,1,3184.1,0,971.1," ,0",,,9.86,0,14.27,0,5.45,0,,,190,X,190,X,,,,,16.5,X,26.4,X,,
USW00024235,2004,42.6003,-123.3641,1168,"SEXTON SUMMIT, OR US",4,X,149.1,,149.1,0,120,0,65,0,6,0,,,,,0,0,76,0,10,0,100,0,4,0,213, ,175, ,1, ,-3.9,"0,1128,+",,,,,55.1," ,0,1208, ",33.3,"0,0723, ",0,"0,1027",-2.8,"0,1120",,,,,,,-0.6,"0,0428",-2.2,"0,0331",,,,,,,3205.9,9,3205.9,0,815," ,0",,,9.89,0,14.29,0,5.5,0,,,210,X,210,X,,,,,17,X,24.1,X,,
USW00024235,2005,42.6003,-123.3641,1168,"SEXTON SUMMIT, OR US",4.1,X,155.8,,155.8,0,135,0,86,0,17,0,,,,,0,0,66,0,14,0,74,0,4,0,188, ,169, ,2, ,-4.4,"0,0113,+",,,,,68.8," ,0,1230, ",32.8,"0,0727,+",-1.1,"0,1107",-2.8,"0,1108",,,,,,,-0.6,"0,0419",-2.8,"0,0418",-4.4,"0,0113",,,,,3314.4,4,3314.4,0,1346.5," ,0",,,9.78,0,14.11,0,5.44,0,,,140,X,190,X,,,,,14.8,X,27.7,X,,
USW00024235,2006,42.6003,-123.3641,1168,"SEXTON SUMMIT, OR US",4.1,W,209.7,,209.7,0,140,0,103,0,12,0,,,,,0,0,106,0,14,0,97,0,4,0,208, ,188, ,,,-7.8,"0,0218, ",,,,,77.2," ,0,1225, ",33.9,"0,0722, ",0,"0,1029",-2.2,"0,1122",-4.4,"0,1127",,,,,-0.6,"0,0502",-2.8,"0,0422",-4.4,"0,0313",-7.8,"0,0218",,,3383.8,8,3383.8,0,1340.5," ,0",,,9.39,0,13.76,0,5.02,0,,,190,X,210,X,,,,,17,X,29.5,X,,
USW00024235,2007,42.6003,-123.3641,1168,"SEXTON SUMMIT, OR US",3.7,W,85.5,,85.5,0,125,0,81,0,7,0,,,,,0,0,99,0,21,0,86,0,2,0,209, ,181, ,,,-10,"0,0112, ",,,,,57.4," ,0,1203, ",32.8,"0,0710, ",0,"0,1017",-2.8,"0,1120",-5,"0,1201",,,,,-0.6,"0,0505",-2.2,"0,0419",-4.4,"0,0402",-7.2,"0,0113",-10,"0,0112",3321,0,3321,0,1002.9," ,0",,,9.05,0,13.62,0,4.48,0,,,170,X,200,X,,,,,14.3,X,23.2,X,,
USW00024235,2008,42.6003,-123.3641,1168,"SEXTON SUMMIT, OR US",3.6,W,194.8,,194.8,0,125,0,74,0,9,0,,,,,0,0,114,0,28,0,101,0,5,0,211, ,175, ,,,-7.8,"0,1216, ",,,,,47.8," ,0,0104, ",35,"0,0814, ",0,"0,1009",-3.9,"0,1212",-4.4,"0,1213",-7.8,"0,1216",,,-1.1,"0,0610",-2.8,"0,0430",-5.6,"0,0420",-6.7,"0,0329",,,3801.2,2,3801.2,0,949.8," ,0",,,9.15,0,13.63,0,4.66,0,,,140,X,190,X,,,,,16.5,X,23.7,X,,
USW00024235,2009,42.6003,-123.3641,1168,"SEXTON SUMMIT, OR US",3.5,W,218.9,,218.9,0,124,0,67,0,5,0,,,,,0,0,103,0,20,0,99,0,8,0,207, ,178, ,,,-9.4,"0,1208,+",,,,,52.1," ,0,1231, ",35,"0,0729, ",0,"0,1027",-2.2,"0,1113",-5,"0,1205",-7.2,"0,1206",-9.4,"0,1207",-1.1,"0,0512",-2.2,"0,0426",-4.4,"0,0414",-6.7,"0,0309",,,3236.3,3,3236.3,0,769.8," ,0",,,9.58,0,14.13,0,5.04,0,,,190,X,180,X,,,,,15.6,X,28.6,X,,
USW00024235,2010,42.6003,-123.3641,1168,"SEXTON SUMMIT, OR US",3.9,W,130.4,,130.4,0,165,0,109,0,12,0,,,,,0,0,99,0,15,0,80,0,2,0,247, ,220, ,,,-7.2,"0,1231,+",,,,,51.1," ,0,0112, ",33.9,"0,0825, ",-0.6,"0,1026",-2.2,"0,1121",-7.2,"0,1123",-7.2,"0,1123",,,0,"0,0523",-2.2,"0,0522",-4.4,"0,0409",,,,,3628.3,3,3628.3,0,1383.5," ,0",,,8.54,0,12.57,0,4.51,0,,,210,X,210,X,,,,,17,X,29.9,X,,
USW00024235,2011,42.6003,-123.3641,1168,"SEXTON SUMMIT, OR US",3.5,W,89.5,,89.5,X,136,Z,81,Z,11,Z,,,,,0,X,125,X,20,X,77,X,0,X,231, ,211, ,,,-10,"X,0226, ",,,,,60.7," ,Z,0215, ",29.4,"X,0903, ",0,"X,1025",-2.2,"X,1101",-4.4,"X,1211",,,,,-0.6,"X,0528",-2.8,"X,0429",-4.4,"X,0407",-10,"X,0226",-10,"X,0226",3897.6,6,3897.6,X,1075," ,Z",,,8.06,X,12.19,X,3.93,X,,,180,X,210,X,,,,,15.6,X,23.7,X,,
USW00024235,2012,42.6003,-123.3641,1168,"SEXTON SUMMIT, OR US",,,,,,,155,X,98,X,20,X,,,,,,,,,,,,,,,219, ,202, ,,,,,,,,,70.1," ,X,1204, ",,,,,,,,,,,,,,,,,,,,,,,3673,0,3673,X,1504," ,X",,,,,,,,,,,,,,,,,,,,,,,,
USW00024235,2013,42.6003,-123.3641,1168,"SEXTON SUMMIT, OR US",3,W,143.7,,143.7,W,105,W,51,W,3,W,,,,,0,W,88,W,17,W,100,W,0,W,157, ,139, ,,,-11.6,"W,1208, ",,,,,47," ,W,1119, ",31.7,"W,0910,+",-0.5,"W,1102",-3.2,"W,1120",-4.9,"W,1203",-8.8,"W,1204",-11,"W,1207",-1,"W,0523",-3.2,"W,0414",-4.4,"X,0321",-8.9,"X,0113",-8.9,"X,0113",,,,,531," ,W",,,9.45,W,13.81,W,5.1,W,,,200,W,190,W,,,,,15.7,W,25.9,W,,
USW00024235,2014,42.6003,-123.3641,1168,"SEXTON SUMMIT, OR US",,,209.9,,209.9,W,133,W,74,W,9,W,,,,,0,W,53,W,4,W,104,W,2,W,,,2, ,,,-8.2,"W,1230, ",,,,,50.5," ,W,0214, ",32.2,"W,0728,+",-0.5,"W,1115",-5.5,"W,1229",-5.5,"W,1229",-8.2,"W,1230",,,0,"W,0507",-3.8,"W,0321",,,,,,,3144,0,3144,W,978.6," ,W",,,10.65,W,15.1,W,6.2,W,,,,,,,,,,,,,,,,
USW00024235,2015,42.6003,-123.3641,1168,"SEXTON SUMMIT, OR US",,,216,,216,W,110,W,80,W,15,W,,,,,0,W,61,W,12,W,115,W,10,W,3, ,8, ,,,-6,"W,1231, ",,,,,87.4," ,W,0206, ",34.4,"W,0731,+",0,"W,1104",-2.7,"W,1116",-4.9,"W,1126",,,,,-1,"W,0424",,,,,,,,,2744.9,9,2744.9,W,1170.4," ,W",,,10.88,W,15.35,W,6.41,W,,,190,W,180,W,,,,,13.9,W,24.6,W,,
USW00024235,2016,42.6003,-123.3641,1168,"SEXTON SUMMIT, OR US",3.7,W,140,,140,W,141,W,84,W,15,W,,,,,0,W,87,W,15,W,95,W,4,W,1, ,7, ,,,-8.2,"W,0101, ",,,,,97," ,W,1214, ",34.4,"W,0819, ",-0.5,"W,1115",-2.7,"W,1204",-5.5,"W,1206",-7.1,"W,1216",,,0,"W,0426",-2.7,"W,0202",-6.6,"W,0102",-8.2,"W,0101",,,3226,0,3226,W,1444.6," ,W",,,9.46,W,13.81,W,5.11,W,,,170,W,220,W,,,,,17,W,31.7,W,,
USW00024235,2017,42.6003,-123.3641,1168,"SEXTON SUMMIT, OR US",3.7,W,232.7,,232.7,W,115,W,72,W,8,W,,,,,0,W,102,W,19,W,106,W,8,W,1, ,3, ,,,-8.8,"W,0106,+",,,,,46.5," ,W,0109, ",35.6,"W,0802, ",0,"W,1020",-2.7,"W,1104",,,,,,,-1,"W,0517",-4.9,"W,0306",-4.9,"W,0306",-8.8,"W,0106",,,3675.3,3,3675.3,W,1073," ,W",,,9.52,W,13.77,W,5.28,W,,,200,W,210,W,,,,,16.5,W,30,W,,
USW00024235,2018,42.6003,-123.3641,1168,"SEXTON SUMMIT, OR US",3.2,W,191.1,,191.1,W,98,W,56,W,3,W,,,,,0,W,82,W,21,W,104,W,3,W,,,,,,,-8.8,"W,0223, ",,,,,82.6," ,W,0323, ",32.8,"W,0716, ",0,"W,1107",-2.7,"W,1202",,,,,,,0,"W,0501",-4.3,"W,0402",-4.9,"W,0302",-8.8,"W,0223",,,3249.6,6,3249.6,W,739.3," ,W",,,9.96,W,14.43,W,5.5,W,,,160,W,190,W,,,,,15.7,W,23.3,W,,
USW00024235,2019,42.6003,-123.3641,1168,"SEXTON SUMMIT, OR US",3,W,100.4,,100.4,W,119,W,80,W,14,W,,,,,0,W,81,W,23,W,96,W,2,W,3, ,9, ,,,-6.6,"W,0209,+",,,,,60.7," ,W,0119, ",33.3,"W,0827, ",-1,"W,1009",-3.2,"W,1126",-4.9,"W,1128",,,,,-0.5,"W,0428",-3.8,"W,0309",-5.5,"W,0308",,,,,3236.9,9,3236.9,W,1194.7," ,W",,,9.45,W,13.79,W,5.11,W,,,210,W,220,W,,,,,14.3,W,24.1,W,,
USW00024235,2020,42.6003,-123.3641,1168,"SEXTON SUMMIT, OR US",,,,,,,,,,,,,,,,,,,,,,,,,,,,,,,,,,,,,,,,,,,,,,,,,,,,,,,,,,,,,,,3332.2,2,3332.2,W,,,,,,,,,,,,,,,,,,,,,,,,,,
