"STATION","DATE","AWND","CDSD","CLDD","DP01","DP10","DP1X","DSND","DSNW","DT00","DT32","DX32","DX70","DX90","DYFG","DYHF","DYTS","EMNT","EMSD","EMSN","EMXP","EMXT","FZF0","FZF1","FZF2","FZF3","FZF4","FZF5","FZF6","FZF7","FZF8","HDSD","HTDD","PRCP","PSUN","SNOW","TAVG","TMAX","TMIN","TSUN","WDF2","WDF5","WDFG","WDFM","WSF2","WSF5","WSFG","WSFM"
"USW00024216","1892",,,,,,,,"         1",,,,,,,,,,,"51.0",,,,,,,,,,,,,,,,"64.0",,,,,,,,,,,,
"USW00024216","1893",,,,,,,,,,,,,,"         5",,,,,,,,,,,,,,,,,,,,,,,,,,,,,,,,,
"USW00024216","1894",,,,,,,,,,,,,,"         2",,,,,,,,,,,,,,,,,,,,,,,,,,,,,,,,,
"USW00024216","1895",,,,,,,,,,,,,,"         2",,,,,,,,,,,,,,,,,,,,,,,,,,,,,,,,,
"USW00024216","1897",,,,,,,,,,,,,,"         5",,,,,,,,,,,,,,,,,,,,,,,,,,,,,,,,,
"USW00024216","1898",,,,"        50","        30","         2",,,,,,,,,,,,,,"38.1",,,,,,,,,,,,,"325.4",,,,,,,,,,,,,,
"USW00024216","1899",,,,,,,,,,,,,,"         4",,,,,,,,,,,,,,,,,,,,,,,,,,,,,,,,,
"USW00024216","1900",,,,,,,,,,,,,,"        20",,,,,,,,,,,,,,,,,,,,,,,,,,,,,,,,,
"USW00024216","1902",,,,,,,,,,,,,,"         4",,,,,,,,,,,,,,,,,,,,,,,,,,,,,,,,,
"USW00024216","1903",,,,"        60","        45","         6",,,,,,,,"         6",,,,,,"72.1",,,,,,,,,,,,,"573.1",,,,,,,,,,,,,,
"USW00024216","1904",,,,,,,,,,,,,,"         5",,,,,,,,,,,,,,,,,,,,,,,,,,,,,,,,,
"USW00024216","1905",,,,"        62","        38","         6",,,,,,,,"         3",,,,,,"43.7",,,,,,,,,,,,,"588.3",,,,,,,,,,,,,,
"USW00024216","1906",,,,"        92","        66","        11",,,,,,,,,,,,,,"61.0",,,,,,,,,,,,,"1024.3",,,,,,,,,,,,,,
"USW00024216","1907",,,,"        84","        55","         2",,,,,,,,,,,,,,"46.7",,,,,,,,,,,,,"612.3",,,,,,,,,,,,,,
"USW00024216","1908",,,,"        54","        33","         5",,,,,,,,,,,,,,"53.3",,,,,,,,,,,,,"453.3",,,,,,,,,,,,,,
"USW00024216","1909",,,,"        87","        60","        13",,,,,,,,,,,,,,"98.3",,,,,,,,,,,,,"902.6",,,,,,,,,,,,,,
"USW00024216","1910",,,,"        68","        42","         2",,,,,,,,,,,,,,"41.7",,,,,,,,,,,,,"369.9",,,,,,,,,,,,,,
"USW00024216","1911",,,,"        62","        40","         3",,,,,,,,,,,,,,"54.4",,,,,,,,,,,,,"566.7",,,,,,,,,,,,,,
"USW00024216","1913",,,,"        66","        44","         6",,,,,,,,,,,,,,"55.9",,,,,,,,,,,,,"646.9",,,,,,,,,,,,,,
"USW00024216","1914",,,,"        73","        50","         9",,,,,,,,,,,,,,"58.2",,,,,,,,,,,,,"706.8",,,,,,,,,,,,,,
"USW00024216","1915",,,,"        78","        53","        14",,,,,,,,,,,,,,"60.2",,,,,,,,,,,,,"918.4",,,,,,,,,,,,,,
"USW00024216","1916",,,,"        73","        40","         3",,,,,,,,,,,,,,"54.4",,,,,,,,,,,,,"509.9",,,,,,,,,,,,,,
"USW00024216","1917",,,,"        44","        27","         2",,,,,,,,,,,,,,"50.8",,,,,,,,,,,,,"360.7",,,,,,,,,,,,,,
"USW00024216","1919",,,,"        62","        38","         2",,,,,,,,,,,,,,"33.0",,,,,,,,,,,,,"395.6",,,,,,,,,,,,,,
"USW00024216","1920",,,,"        64","        46","         4",,,,,,,,,,,,,,"30.7",,,,,,,,,,,,,"558.2",,,,,,,,,,,,,,
"USW00024216","1921",,,,"        66","        39","         5",,,,,,,,,,,,,,"48.8",,,,,,,,,,,,,"567.9",,,,,,,,,,,,,,
"USW00024216","1922",,,,"        68","        43","         5",,,,,,,,,,,,,,"51.8",,,,,,,,,,,,,"524.9",,,,,,,,,,,,,,
"USW00024216","1923",,,,"        53","        27","         3",,,,,,,,,,,,,,"32.5",,,,,,,,,,,,,"343.7",,,,,,,,,,,,,,
"USW00024216","1924",,,,"        49","        38","         4",,,,,,,,,,,,,,"36.3",,,,,,,,,,,,,"434.2",,,,,,,,,,,,,,
"USW00024216","1925",,,,"        68","        45","         5",,,,,,,,,,,,,,"74.7",,,,,,,,,,,,,"563.3",,,,,,,,,,,,,,
"USW00024216","1926",,,,"        68","        46","        10",,,,,,,,,,,,,,"53.6",,,,,,,,,,,,,"780.2",,,,,,,,,,,,,,
"USW00024216","1927",,,,"        78","        43","         6",,,,,,,,,,,,,,"84.6",,,,,,,,,,,,,"648.3",,,,,,,,,,,,,,
"USW00024216","1928",,,,"        57","        35","         7",,,,,,,,,,,,,,"34.8",,,,,,,,,,,,,"496.9",,,,,,,,,,,,,,
"USW00024216","1929",,,,"        47","        27","         0",,,,,,,,"         5",,,,,,"24.9",,,,,,,,,,,,,"297.8",,,,,,,,,,,,,,
"USW00024216","1930",,,,"        60","        31","         2",,,,,,,,"         2",,,,,,"36.6",,,,,,,,,,,,,"422.3",,,,,,,,,,,,,,
"USW00024216","1931",,,,"        59","        37","         6",,,,,,,,"         2",,,,,,"59.7",,,,,,,,,,,,,"566.3",,,,,,,,,,,,,,
"USW00024216","1932",,,,"        59","        20","         1",,,,,,,,"         1",,,,,,"39.6",,,,,,,,,,,,,"282.6",,,,,,,,,,,,,,
"USW00024216","1933",,,,"        66","        32","         4",,,,,,,,"        10",,,,,,"63.5",,,,,,,,,,,,,"453.1",,,,,,,,,,,,,,
"USW00024216","1934",,,,"        74","        44","         2",,,,,,,,"         8",,,,,,"33.0",,,,,,,,,,,,,"441.0",,,,,,,,,,,,,,
"USW00024216","1935",,"1006.1","1006.1","        63","        39","         8","        0","         0","         0","        30","         0","       209","       114",,,,"-4.4","0","0.0","47.2","45.6","-1.1","-2.2",,,,"0.0","-3.3","-4.4",,,,"673.0",,"0.0","16.7","24.5","9.0",,,,,,,,,
"USW00024216","1936",,,,"        55","        43","         5","        0","         0","         0","        25",,,,,,,"-2.8","0","0.0","35.6",,"0.0","-2.8",,,,"-2.2","-2.2",,,"1369.6","1369.6","501.0",,"0.0",,,"9.8",,,,,,,,,
"USW00024216","1937",,"943.2","943.2","        73","        44","        13","        9","         2","         0","        28","         0","       212","        99",,,,"-8.3","381","203.0","69.1","43.3","-1.7","-2.2",,,,"-1.7","-2.2","-4.4","-7.2",,,"828.3",,"381.0","16.6","23.8","9.4",,,,,,,,,
"USW00024216","1938",,"1016.0","1016.0","        73","        43","         1","        0","         0","         0","        16","         0","       216","       109",,,,"-3.9","0","0.0","32.5","44.4","0.0","-3.9",,,,"-1.7","-2.8",,,"1312.1","1312.1","573.9",,"0.0","17.3","24.6","9.9",,,,,,,,,
"USW00024216","1939",,"1048.4","1048.4","        50","        30","         3",,,"         0","        19","         0","       251","       113",,,,"-3.3",,,"33.3","43.3","-1.7",,,,,"-1.1","-3.3",,,"1272.6","1272.6","321.3",,,"17.8","25.9","9.7",,,,,,,,,
"USW00024216","1940",,,,"        86","        59","        11","        0","         0","         0","        13",,,,,,,"-5.6","0","0.0","55.9",,"-3.3","-3.3","-5.6",,,"0.0","-2.2",,,"1183.2","1183.2","941.1",,"0.0",,,"10.4",,,,,,,,,
"USW00024216","1941",,"797.5","797.5","        98","        78","        10","        1",,"         0","        12","         0","       226","        74",,,,"-2.2","51",,"52.8","41.7","-0.6","-2.2",,,,"-0.6",,,,,,"1097.3",,,"17.0","23.9","10.1",,,,,,,,,
"USW00024216","1942",,"899.6","899.6","        72","        56","         6","        0","         0","         0","        29","         0","       211","       103",,,,"-5.0","0","0.0","57.7","46.1","0.0","-3.3",,,,"0.0","-2.2","-5.0",,"1527.8","1527.8","688.4",,"0.0","16.4","24.3","8.6",,,,,,,,,
"USW00024216","1943",,"904.5","904.5","        63","        40","         6",,"         1","         0","        27","         0","       231","       102",,,,"-6.7",,"178.0","63.5","43.3","-1.7","-2.2",,,,"-1.1","-5.0","-5.0","-6.7","1402.1","1402.1","580.5",,"178.0","17.1","25.2","8.9",,,,,,,,,
"USW00024216","1944",,"955.0","955.0","        74","        48","         5",,"         0","         0","        21","         0","       213","       108",,,,"-2.2",,"0.0","41.7","44.4","-0.6",,,,,"0.0","-2.2",,,"1430.2","1430.2","567.5",,"0.0","16.9","24.9","8.8",,,,,,,,,
"USW00024216","1945",,"1012.6","1012.6",,,,,"         0","         0","        25","         0","       201","       115",,,,"-5.0",,"0.0",,"45.6","-0.6","-3.3","-5.0",,,"-1.1","-2.8",,,"1483.8","1483.8",,,"0.0","17.0","24.6","9.4",,,,,,,,,
"USW00024216","1946",,"850.4","850.4","        56","        27","         2",,"         0","         0","        28","         0","       205","        96",,,,"-3.9",,"0.0","43.2","46.1","-1.1","-2.2",,,,"-0.6","-2.2",,,"1438.8","1438.8","303.1",,"0.0","16.5","24.2","8.9",,,,,,,,,
"USW00024216","1947",,,,"        63","        35","         4",,"         0",,,,,,,,,,,"0.0","45.0",,,,,,,,,,,"1295.3","1295.3","458.7",,"0.0",,,,,,,,,,,,
"USW00024216","1948",,"858.2","858.2","        91","        51","         7","        1","         1","         0","        44","         0","       181","        76","        32",,"        16","-5.0","25","112.0","36.8","43.3","0.0","-2.8","-5.0",,,"-1.7","-2.2","-5.0",,,,"639.8",,"138.0","15.6","22.5","8.7",,,,,,,,,
"USW00024216","1949",,"1068.2","1068.2","        56","        32","         2","        0","         3","         0","        54","         0","       224","       100","        35",,"        14","-5.0","0","38.0","35.1","42.2","-0.6","-2.2",,,,"0.0","-4.4","-4.4",,"1674.6","1674.6","356.2",,"101.0","16.9","24.0","9.8",,,,,,,,,
"USW00024216","1950",,"1244.8","1244.8","        86","        44","         5","        3","         4","         0","        30","         0","       207","       110","        69",,"         7","-6.1","203","213.0","48.3","45.6",,,,,,"0.0","-3.3","-5.0",,"1592.3","1592.3","597.9",,"345.0","17.5","24.1","10.9",,,,,,,,,
"USW00024216","1951",,"1129.8","1129.8","        72","        41","         3","        0","         0","         0","        17","         0","       215","       115","        63",,"        13","-2.8","0","18.0","49.3","43.3","-0.6","-2.2",,,,"0.0","-2.8",,,"1420.6","1420.6","539.2",,"18.0","17.2","24.0","10.5",,,,,,,,,
"USW00024216","1952",,"1164.4","1164.4","        85","        52","        10","        0","         2","         0","        22","         0","       213","       108","        54",,"        12","-3.9","0","25.0","54.6","43.3","0.0","-2.8",,,,"-0.6","-3.9",,,"1639.1","1639.1","687.4",,"50.0","17.1","23.8","10.4",,,,,,,,,
"USW00024216","1953",,"924.0","924.0","        71","        39","         2","        0","         0","         0","         8","         0","       200","        86","        43",,"        13","-1.1","0","0.0","41.9","42.8","-1.1",,,,,"0.0",,,,"1449.3","1449.3","388.4",,"0.0","17.0","23.8","10.2",,,,,,,,,
"USW00024216","1954",,"891.3","891.3","        83","        44","         7","        0","         0","         0","        14","         0","       214","        82","        59",,"         9","-2.8","0","0.0","55.6","42.8","-1.1","-2.2",,,,"-2.2","-2.2",,,"1383.9","1383.9","675.1",,"0.0","16.6","23.4","9.9",,,,,,,,,
"USW00024216","1955",,"1008.7","1008.7","        64","        37","         3","        1","         2","         0","        27","         0","       203","        96","        45",,"         7","-3.9","51","84.0","52.6","43.9","0.0",,,,,"0.0","-3.9",,,"1712.3","1712.3","472.5",,"135.0","16.6","23.5","9.7",,,,,,,,,
"USW00024216","1956",,"983.1","983.1","        54","        36","         3","        0","         0","         0","        27","         0","       215","        94","        28",,"        13","-3.9","0","0.0","41.7","44.4","-1.1","-2.2",,,,"-1.7","-2.2",,,"1504.3","1504.3","418.8",,"0.0","16.9","23.9","9.9",,,,,,,,,
"USW00024216","1957",,"965.0","965.0","        86","        47","         5","        0","         0","         0","        31","         0","       186","        93","        51",,"        12","-3.9","0","0.0","59.4","42.8","0.0",,,,,"-1.1","-3.3",,,"1473.3","1473.3","557.5",,"0.0","16.6","23.0","10.2",,,,,,,,,
"USW00024216","1958",,"1165.6","1165.6","        80","        49","         6","        0","         0","         0","         9","         0","       228","       102","        47",,"        16","-2.2","0","0.0","54.4","42.2","0.0","-2.2",,,,"-0.6",,,,"1586.6","1586.6","758.9",,"0.0","17.9","24.7","11.2",,,,,,,,,
"USW00024216","1959",,"1152.6","1152.6","        45","        25","         3","        0","         0","         0","        18","         0","       255","        99","        27",,"        10","-3.9","0","5.0","76.7","44.4","0.0",,,,,"-2.2","-2.2",,,"1092.3","1092.3","336.2",,"5.0","18.3","25.7","10.9",,,,,,,,,
"USW00024216","1960",,"1202.9","1202.9","        70","        47","         6","        0","         0","         0","        19","         0","       204","       106","        66",,"        10","-5.6","0","10.0","85.6","45.6","0.0",,,,,"-1.1","-2.2","-5.6",,"1405.9","1405.9","651.2",,"10.0","17.5","24.0","10.9",,,,,,,,,
"USW00024216","1961",,"1130.0","1130.0","        68","        38","         2","        0","         0","         0","        16","         0","       203","        98","        69",,"        16","-3.3","0","0.0","74.4","45.0","-1.7",,,,,"-0.6","-2.2",,,"1496.1","1496.1","481.9",,"0.0","17.2","23.8","10.5",,,,,,,,,
"USW00024216","1962",,"994.1","994.1","        55","        36","         7","        0","         1","         0","        24","         1","       228","        96","        57",,"         9","-6.1","0","38.0","48.3","42.8","-1.7","-2.2",,,,"-0.6","-3.3","-4.4",,"1536.4","1536.4","536.6",,"38.0","17.1","24.1","10.2",,,,,,,,,
"USW00024216","1963",,"895.1","895.1","        75","        46","         7","        0","         0","         0","        27","         0","       187","        78","        80",,"         9","-4.4","0","0.0","33.0","40.6","-1.1",,,,,"-1.1","-3.9","-4.4",,"1509.2","1509.2","571.0",,"0.0","16.2","22.6","9.8",,,,,,,,,
"USW00024216","1964",,"974.7","974.7","        62","        35","         4","        0","         0","         0","        17","         0","       211","        95","        54",,"         7","-2.8","0","0.0","47.0","43.9","-0.6","-2.8",,,,"-0.6","-2.2",,,"1626.7","1626.7","434.5",,"0.0","16.8","23.9","9.8",,,,,,,,,
"USW00024216","1965",,"877.8","877.8","        65","        29","         5","        0","         1","         0","        16","         0","       207","        75","        65","        29","         9","-5.6","0","102.0","39.6","42.2","-0.6","-2.2","-5.0",,,"-1.7",,,,"1421.6","1421.6","499.9","      72.6","102.0","16.6","23.3","9.8","   200622",,,,"        45",,,,"22.4"
"USW00024216","1966",,"1119.1","1119.1","        55","        32","         6","        0","         0","         0","        27","         0","       218","        99","        65","        15","         7","-4.4","0","0.0","65.0","43.3","-1.1",,,,,"-1.1","-3.3","-4.4",,"1550.8","1550.8","509.3","      75.9","0.0","17.6","24.6","10.6","   210618",,,,"       135",,,,"20.1"
"USW00024216","1967",,"1125.2","1125.2","        74","        40","         3","        0","         0","         0","        24","         0","       199","       108","        64","        23","        12","-5.6","0","0.0","45.0","43.3","0.0","-2.2","-5.6",,,"-0.6",,,,"1557.3","1557.3","485.8","      72.6","0.0","17.1","24.1","10.0","   198636",,,,"       135",,,,"25.0"
"USW00024216","1968",,"976.3","976.3","        77","        49","         6","        2","         2","         0","        24","         0","       219","        92","        84","        18","         7","-6.7","127","127.0","35.1","43.3","-1.7","-4.4","-4.4",,,"-4.4","-4.4","-4.4","-6.7","1264.9","1264.9","612.5","      73.1","206.0","17.1","24.0","10.2","   203694",,,,"       135",,,,"20.1"
"USW00024216","1969",,"1134.4","1134.4","        74","        43","         9","        0","         0","         0","        22","         0","       214","       104","        69","        14","         6","-4.4","0","0.0","43.2","43.3","0.0","-2.8",,,,"-0.6","-2.2","-4.4",,"1639.7","1639.7","684.2","      72.0","0.0","17.2","24.2","10.2","   200490",,,,"       135",,,,"25.5"
"USW00024216","1970",,"1135.3","1135.3","        83","        53","         8","        0","         0","         0","        13","         0","       201","       117","        55","         9","         5","-5.6","0","0.0","45.7","44.4","-0.6","-3.9",,,,"-0.6","-3.9","-5.6",,"1354.9","1354.9","744.2","      74.2","0.0","17.4","24.4","10.4","   208278",,,,"       135",,,,"25.0"
"USW00024216","1971",,"1004.8","1004.8","        59","        27","         3","        0","         0","         0","        30","         0","       190","        97","        70","        16","         3","-2.8","0","0.0","34.3","47.8","0.0",,,,,"-0.6","-2.8",,,"1605.3","1605.3","333.4","      79.3","0.0","16.4","23.4","9.3","   217134",,,,"       180",,,,"21.0"
"USW00024216","1972",,"1070.7","1070.7","        72","        41","         1","        1","         3","         0","        35","         2","       198","       106","        86","        25","         7","-6.7","76","229.0","43.9","48.3","-3.9","-3.9","-4.4","-6.7",,"0.0","-3.9",,,"1664.7","1664.7","438.2","      77.8","396.0","16.6","23.6","9.6","   215586",,,"       135","       135",,,"21.6","18.8"
"USW00024216","1973",,"1036.9","1036.9","        90","        60","         8","        1","         1","         0","        11","         0","       197","        99","        85","        14","         9","-5.0","51","122.0","52.1","43.9",,,,,,"-2.2","-2.2","-5.0",,"1745.4","1745.4","805.0","      74.2","122.0","16.8","23.3","10.4","   208572",,,"       180","       180",,,"28.8","20.6"
"USW00024216","1974",,"1088.4","1088.4","        71","        38","         5","        0","         1","         0","        13","         0","       195","       113","        58","        17","         9","-2.8","0","112.0","49.8","43.3","0.0",,,,,"0.0","-2.8",,,"1553.9","1553.9","524.1","      83.8","112.0","17.0","23.9","10.0","   229386",,,"       135","       135",,,"25.7","22.4"
"USW00024216","1975",,"1029.0","1029.0","        72","        46","         5","        0","         1","         0","        17","         0","       187","       106","        70","        17","         4","-6.7","0","86.0","30.2","45.6","-1.1","-2.8",,,,"0.0","-3.9","-6.7","-6.7","1768.8","1768.8","499.3","      81.2","86.0","16.3","23.2","9.3","   222246",,,,"       135",,,,"18.8"
"USW00024216","1976",,"1101.5","1101.5","        42","        19","         2","        1","         1","         0","        28","         0","       238","        99","        43","        17","         8","-4.4","76","203.0","30.7","43.9","-1.1","-2.8",,,,"0.0","-2.2","-4.4",,"1586.5","1586.5","183.5","      82.9","203.0","17.6","25.3","10.0","   225018",,,"       360","       135",,,"22.1","16.5"
"USW00024216","1977",,"1126.3","1126.3","        56","        37","         4","        1","         2","         0","        10","         0","       220","        94","        59","        18","         9","-3.3","51","25.0","56.4","45.0","-1.7","-3.3",,,,"-1.1","-2.8",,,"1217.7","1217.7","490.1","      80.8","50.0","17.9","24.9","10.9","   221166",,,"       135","       180",,,"22.1","17.9"
"USW00024216","1978",,"1194.0","1194.0","        73","        49","         9","        0","         0","         0","        12","         0","       217","        98","        69","        17","        19","-3.9","0","0.0","78.2","48.3","-1.7","-2.8",,,,,,,,"1142.1","1142.1","805.7","      79.7","0.0","18.2","24.6","11.7","   219060",,,"       180","       180",,,"24.7","18.8"
"USW00024216","1979",,"1205.2","1205.2","        80","        55","         8","        0","         0","         0","        13","         0","       219","       111","        64","         6","        13","-2.8","0","0.0","51.3","44.4","-1.7",,,,,"-1.7","-2.8",,,"1364.7","1364.7","742.7","      79.6","0.0","17.9","24.7","11.2","   219156",,,"       135","       135",,,"24.7","18.8"
"USW00024216","1980",,"968.9","968.9","        76","        42","         5","        0","         0","         0","        12","         0","       217","        96","        66","        20","        11","-3.9","0","0.0","43.7","44.4","0.0","-2.2",,,,"-1.1","-3.9",,,"1292.1","1292.1","519.4","      85.0","0.0","17.6","24.7","10.4","   231900",,,"       135","       135",,,"24.2","19.2"
"USW00024216","1981",,"1215.5","1215.5","        80","        56","        10","        0","         0","         0","         1","         0","       215","       109","        75","        23","         7","-0.6","0","0.0","46.7","49.4",,,,,,"-0.6",,,,"1185.0","1185.0","787.4","      78.4","0.0","18.3","25.0","11.6","   217230",,,"       180","       180",,,"29.8","25.0"
"USW00024216","1982",,"855.9","855.9","        84","        54","         4","        0","         2","         0","        24","         0","       197","        76","        75","        15","         9","-3.9","0","66.0","31.8","42.8","0.0","-3.9",,,,"-1.7","-2.8",,,"1530.6","1530.6","653.4","      75.8","91.0","16.1","22.6","9.6","   208104",,,"       135",,,,"27.2",
"USW00024216","1983",,"922.3","922.3","       123","        80","        13","        0","         1","         0","         5","         0","       187","        81","        95","        21","        22","-3.9","0","150.0","59.2","42.8","0.0",,,,,"-3.9","-3.9",,,"1503.7","1503.7","1244.8","      72.8","150.0","16.9","22.7","11.0","   202644",,,"       135","       135",,,"23.6","19.7"
"USW00024216","1984","3.9","1152.2","1152.2","        64","        38","         0","        0","         0","         0","        17","         0","       200","       103","        61","        16","        11","-2.2","0","0.0","23.4","45.0","0.0","-2.2",,,,"-1.1",,,,"1412.2","1412.2","396.6",,"0.0","17.2","23.9","10.5","   213229",,,"       180","       180",,,"24.2","17.9"
"USW00024216","1985","3.7","1043.0","1043.0","        51","        25","         3","        0","         0","         0","        36","         0","       229","        95","        66","        25","         6","-4.4","0","0.0","44.2","43.3","-3.3","-3.3","-4.4",,,"0.0","-2.8",,,"1509.8","1509.8","355.8",,"0.0","17.0","24.2","9.9","   211754",,,"       180","       135",,,"22.1","14.8"
"USW00024216","1986",,,,,,,,,,,,,,"        43","        13","         9",,,,,,,,,,,,,,,"1405.6","1405.6",,,,,,,,,,,,,,,
"USW00024216","1988",,,,,,,,,,,,,,"        40","         3","         6",,,,,,,,,,,,,,,,,,,,,,,,,,,,,,,
"USW00024216","1989",,"1002.8","1002.8","        62","        38","         3","        0","         1","         0","        42","         0","       229","       109","        70","        16","        10","-6.1","0","51.0","86.6","43.9","-0.6","-2.2",,,,"-0.6","-3.3","-4.4",,"1454.5","1454.5","538.8",,"51.0","17.1","24.9","9.3",,,,,,,,,
"USW00024216","1990",,"1117.7","1117.7","        40","        28","         3","        0","         0","         0","        51","         1","       237","       104","        44","         6","        10","-10.6","0","0.0","30.7","47.8","-0.6","-2.2","-5.6","-10.0","-10.0","-0.6","-2.2",,,"1333.1","1333.1","346.2",,"0.0","17.4","25.4","9.4",,,,,,,,,
"USW00024216","1991",,,,"        59","        38","         4",,,"         0","        27",,,,"        45","        11","         5","-6.1",,,"44.7",,"0.0",,,,,"-1.1","-2.2","-6.1",,,,"491.3",,,,,"10.1",,,,,,,,,
"USW00024216","1992",,"1127.3","1127.3","        69","        46","         6","        0","         0","         0","        19","         0","       225","       109","        80","        17","         8","-4.4","0","3.0","52.3","43.3","0.0","-4.4","-4.4",,,"0.0","-2.2",,,"1280.9","1280.9","669.2",,"3.0","17.7","24.7","10.8",,,,,,,,,
"USW00024216","1993",,,,,,,,,,,,,,"        66","        10","        14",,,,,,,,,,,,,,,"1508.0","1508.0",,,,,,,,,,,,,,,
"USW00024216","1994",,"951.1","951.1","        68","        46","         6","        0","         0","         0","        27","         0","       221","       102","        50","         9","         8","-3.9","0","8.0","48.3","42.8","-1.1","-2.2",,,,"-0.6",,,,,,"587.0",,"8.0","16.6","23.8","9.4",,,,,,,,,
"USW00024216","1995",,,,"        92","        60","        13",,,"         0","        10",,,,"        58","        10","        11","-0.6",,,"90.2",,"0.0",,,,,"-0.6",,,,"1617.3","1617.3","1070.6",,,,,"10.4",,,,,,,,,
"USW00024216","1996",,,,"        86","        51","         4",,,,,,,,,,,,,,"35.8",,,,,,,,,,,,,"598.1",,,,,,,,,,,,,,
"USW00024216","1997",,"979.4","979.4","        74","        37","         6",,,"         0","        13","         0","       228","        96",,,,"-6.1",,,"45.0","42.8","-0.6","-2.8",,,,"-1.1","-6.1","-6.1",,"1315.1","1315.1","561.9",,,"17.3","24.1","10.5",,,,,,,,,
"USW00024216","1998",,"839.4","839.4","       116","        74","         9",,,"         0","        19","         0","       178","        68",,,,"-6.1",,,"72.1","44.4","-1.7","-2.2","-5.6",,,"-1.1",,,,"1612.3","1612.3","1135.9",,,"15.9","21.9","9.9",,,,,,,,,
"USW00024216","1999","3.7","901.3","901.3","        59","        33","         2",,,"         0","        41","         0","       209","        94","         2","         2","         9","-3.3",,,"36.6","46.1","0.0","-2.8",,,,"-1.1","-2.2",,,"1756.5","1756.5","356.8",,,"16.4","23.6","9.1",,"       150","       150",,,"20.6","25.0",,
"USW00024216","2000","3.5","942.3","942.3","        82","        50","         3",,,"         0","        22","         0","       200","        97","        20","        21","         9","-2.8",,,"37.8","43.9","0.0",,,,,"-1.1","-2.8",,,"1398.0","1398.0","609.5",,,"16.7","23.5","9.8",,"       150","       160",,,"19.7","21.0",,
"USW00024216","2001","3.6","1126.3","1126.3","        77","        53","         5",,,"         0","        19","         0","       219","       111","         6","         5","         5","-2.2",,,"41.7","42.8","-1.1",,,,,"-1.1","-2.2",,,"1594.6","1594.6","698.6",,,"17.4","24.4","10.5",,"       150","       140",,,"21.0","26.8",,
"USW00024216","2002","3.6","1085.0","1085.0","        52","        34","         5",,,"         0","        18","         0","       218","       108","         8","         6","         4","-3.9",,,"53.8","45.6","0.0",,,,,"-0.6","-2.2",,,"1417.0","1417.0","470.6",,,"17.3","24.6","10.1",,"       150","       150",,,"23.2","27.3",,
"USW00024216","2003","3.4","1125.9","1125.9","        83","        57","         3",,,"         0","        13","         0","       186","       111","        15","        16","         9","-3.9",,,"47.0","46.1","-0.6","-2.2",,,,"0.0","-2.2",,,"1493.8","1493.8","669.9",,,"17.1","23.9","10.4",,"       160","       160",,,"17.4","21.0",,
"USW00024216","2004","3.6","1062.2","1062.2","        69","        47","         5",,,"         0","        15","         0","       212","       105","        25","        21","         2","-2.2",,,"72.4","41.7","-1.1",,,,,"-0.6","-2.2",,,"1387.0","1387.0","627.1",,,"17.4","24.4","10.4",,"       180","       180",,,"22.8","26.4",,
"USW00024216","2005","3.4","915.6","915.6","        79","        50","         6",,,"         0","        13","         0","       214","        85","        22","        17","         1","-2.2",,,"70.4","45.0","-0.6","-2.2",,,,"-1.1",,,,"1482.7","1482.7","730.5",,,"17.0","23.9","10.0",,"       180","       190",,,"18.3","26.4",,
"USW00024216","2006","3.3","1114.5","1114.5","        89","        52","         4",,,"         0","        26","         0","       207","       109","       102","         9","        15","-3.9",,,"46.0","47.2","0.0","-3.9",,,,"0.0","-2.2",,,"1507.9","1507.9","586.7",,,"17.0","24.0","10.1",,"       170","       160",,,"17.4","21.9",,
"USW00024216","2007","3.2","997.4","997.4","        50","        30","         2",,,"         0","        29","         0","       222","       101","        66","         5","         9","-6.7",,,"33.3","43.9","-4.4","-4.4","-4.4",,,"-1.1","-2.2","-5.6","-6.7","1404.5","1404.5","312.1",,,"17.2","24.8","9.7",,"       150","       150",,,"17.4","23.2",,
"USW00024216","2008","3.4","1145.4","1145.4","        43","        26","         2",,,"         0","        17","         0","       222","       111","        72","        14","         5","-3.9",,,"54.4","45.0","0.0","-2.8",,,,"0.0",,,,"1493.9","1493.9","366.2",,,"17.5","24.9","10.1",,"       170","       170",,,"21.0","30.0",,
"USW00024216","2009","3.4","1138.5","1138.5","        60","        33","         5",,,"         0","        18","         0","       227","       109","        67","        10","        11","-7.2",,,"51.8","44.4","0.0","-5.0","-5.0","-7.2",,"-0.6","-2.2",,,"1329.5","1329.5","473.7",,,"17.5","24.7","10.3",,"       160","       170",,,"17.9","23.7",,
"USW00024216","2010","3.3","959.1","959.1","        91","        55","         7",,,"         0","        10","         0","       197","        97","       111","        19","        11","-2.8",,,"37.3","43.9","-1.7","-2.8",,,,"0.0",,,,"1588.9","1588.9","691.6",,,"16.7","23.1","10.3",,"       160","       160",,,"18.3","24.6",,
"USW00024216","2011","3.3","945.8","945.8","        72","        36","         1",,,"         0","        29","         0","       199","        95","        69","        15","        12","-4.4",,,"26.7","43.3","0.0","-2.2",,,,"-0.6","-4.4","-4.4",,"1558.3","1558.3","402.9",,,"16.6","23.6","9.5",,"       150","       330",,,"21.0","28.6",,
"USW00024216","2012","3.3","1101.5","1101.5","        61","        43","         5",,,"         0","        23","         0","       211","       118","        47","         2","         8","-7.8",,,"47.0","44.4","0.0","-2.2",,,,"-1.1","-7.8","-7.8","-7.8","1461.1","1461.1","649.4",,,"17.5","24.8","10.1",,"       160","       140",,,"21.5","27.7",,
"USW00024216","2013","3.4","1122.0","1122.0","        30","        11","         0",,,"         0","        35","         0","       251","        98","        18","         3","         2","-5.5",,,"21.3","46.7","-4.9","-4.9","-4.9",,,"-1.1","-2.8",,,"1274.3","1274.3","137.5",,,"18.0","25.8","10.1",,"        20","        30",,,"16.5","21.9",,
"USW00024216","2014","3.4","1239.6","1239.6","        74","        49","         5",,,"         0","        11","         0","       246","       123","        63","         5","         7","-2.1",,,"73.2","44.4","-1.0",,,,,"-2.1",,,,"1105.0","1105.0","685.1",,,"18.8","26.0","11.6",,"       150","       150",,,"18.3","24.6",,
"USW00024216","2015","3.2","1245.5","1245.5","        43","        24","         1",,,"         0","        12","         0","       251","       115","        52","         8","        10","-3.2",,,"33.3","45.0","0.0","-3.2",,,,"-1.6",,,,"966.6","966.6","245.7",,,"18.7","26.2","11.3",,"       150","       160",,,"21.0","26.4",,
"USW00024216","2016","3.4","1125.5","1125.5","        83","        57","         5",,,"         0","        11","         0","       223","       109","        80","         5","         8","-3.2",,,"39.4","43.3","-1.0","-2.7",,,,,,,,"1215.3","1215.3","734.5",,,"18.1","24.8","11.4",,"       170","       160",,,"17.9","23.3",,
"USW00024216","2017","3.6","1279.1","1279.1","        67","        41","         5",,,"         0","        17","         0","       214","       118","        63","         9","        11","-3.2",,,"59.4","45.6","-1.0","-2.7",,,,"0.0","-3.2",,,"1397.9","1397.9","544.1",,,"18.2","25.3","11.1",,"       160","       150",,,"20.1","25.0",,
"USW00024216","2018","3.2","1136.9","1136.9","        60","        39","         5",,,"         0","        13","         0","       234","       109","        61","         8","         7","-3.2",,,"58.9","44.4","0.0",,,,,"-0.5","-3.2",,,"1265.6","1265.6","500.0",,,"18.0","25.5","10.6",,"       160","       160",,,"17.9","22.8",,
"USW00024216","2019",,,,"        81","        52","         3",,,,,,,,"        76","         7","        13",,,,"48.3",,,,,,,,,,,"1286.2","1286.2","697.6",,,,,,,,,,,,,,
"USW00024216","2020",,,,,,,,,,,,,,"        35","         1","        10",,,,,,,,,,,,,,,,,,,,,,,,,,,,,,,
